ID_Station;Date;NH4;Distance
14;14.05.1997;2.52;0.5
14;26.08.1997;0.145;0.5
14;04.12.1997;0.232;0.5
14;19.03.1998;0.16;0.5
14;03.06.1998;0;0.5
14;17.09.1998;0.02;0.5
14;07.12.1998;0.08;0.5
14;03.03.1999;0.031;0.5
14;08.06.1999;0.28;0.5
14;01.07.1999;0.019;0.5
14;05.10.1999;0.229;0.5
14;17.02.2000;0.33;0.5
14;11.05.2000;0.044;0.5
14;11.09.2000;0.032;0.5
14;13.12.2000;0.17;0.5
14;02.03.2001;0;0.5
14;07.06.2001;0.02;0.5
14;10.09.2001;0.863;0.5
14;06.11.2001;0.06;0.5
14;12.03.2002;0.168;0.5
14;06.06.2002;0.001;0.5
14;15.07.2002;0.668;0.5
14;07.11.2002;0.082;0.5
14;24.02.2003;0.603;0.5
14;13.06.2003;0.058;0.5
14;16.09.2003;0.053;0.5
14;14.10.2003;0.017;0.5
14;15.03.2004;0.014;0.5
14;10.06.2004;0.035;0.5
14;06.09.2004;0.057;0.5
14;14.12.2004;0.053;0.5
14;17.01.2005;0;0.5
14;14.05.2005;0.004;0.5
14;02.09.2005;0;0.5
14;22.12.2005;0.063;0.5
14;20.03.2006;0;0.5
14;09.06.2006;0.035;0.5
14;27.09.2006;0.005;0.5
14;14.11.2006;0.041;0.5
14;14.03.2007;0.02;0.5
14;11.05.2007;0;0.5
14;18.09.2007;0;0.5
14;06.12.2007;0.18;0.5
14;12.03.2008;0.16;0.5
14;06.06.2008;0.008;0.5
14;03.09.2008;0.1;0.5
14;09.12.2008;0.051;0.5
14;06.03.2009;0;0.5
14;18.05.2009;0;0.5
14;04.09.2009;0.041;0.5
14;06.11.2009;0.398;0.5
14;15.03.2010;0.004;0.5
14;02.06.2010;0.29;0.5
14;03.09.2010;1.27;0.5
14;01.12.2010;0.291;0.5
14;23.03.2011;0.056;0.5
14;11.05.2011;0.069;0.5
14;06.09.2011;0.12;0.5
14;07.12.2011;0.143;0.5
14;12.03.2012;0.02;0.5
14;08.06.2012;0.073;0.5
14;05.09.2012;0.16;0.5
14;05.11.2012;0.19;0.5
14;05.03.2013;0.177;0.5
14;16.05.2013;0;0.5
14;03.09.2013;0.75;0.5
14;11.11.2013;0.15;0.5
14;12.02.2014;0;0.5
14;11.06.2014;0.091;0.5
14;03.09.2014;0.12;0.5
14;04.11.2014;0.2;0.5
14;04.02.2015;0.004;0.5
14;04.06.2015;0.11;0.5
14;02.09.2015;0.035;0.5
14;14.12.2015;0.005;0.5
14;15.02.2016;0.158;0.5
14;16.05.2016;0;0.5
14;07.09.2016;0.513;0.5
14;08.11.2016;0.26;0.5
14;06.02.2017;0.061;0.5
14;11.05.2017;0.37;0.5
14;05.09.2017;0.11;0.5
14;13.11.2017;0.158;0.5
14;14.02.2018;0.034;0.5
14;24.05.2018;0.042;0.5
14;26.09.2018;0.061;0.5
14;11.12.2018;0.318;0.5
15;22.04.1993;0.12;136
15;08.09.1993;0;136
15;26.10.1993;0.14;136
15;01.02.1994;0;136
15;20.04.1994;0.08;136
15;11.07.1994;0;136
15;04.10.1994;0;136
15;01.02.1995;0.19;136
15;04.04.1995;0.1;136
15;10.07.1995;0.45;136
15;17.10.1995;0.075;136
15;21.03.1996;0.57;136
15;03.04.1996;0.65;136
15;05.08.1996;0.18;136
15;07.10.1996;0.02;136
15;12.03.1997;0.185;136
15;12.05.1997;0.915;136
15;01.09.1997;0.095;136
15;03.11.1997;0.135;136
15;02.02.1998;0.09;136
15;05.05.1998;0;136
15;11.09.1998;0.012;136
15;01.12.1998;0.015;136
15;02.03.1999;0.015;136
15;11.05.1999;0.085;136
15;01.09.1999;0.16;136
15;13.12.1999;0;136
15;15.02.2000;0.08;136
15;17.04.2000;0.176;136
15;04.07.2000;0.165;136
15;01.11.2000;0.074;136
15;11.03.2001;0.066;136
15;03.05.2001;0;136
15;06.08.2001;0.12;136
15;05.11.2001;0.063;136
15;05.02.2002;0.147;136
15;14.05.2002;0.03;136
15;01.08.2002;0.132;136
15;04.11.2002;0.059;136
15;12.03.2003;0.285;136
15;10.06.2003;0.077;136
15;12.09.2003;0.041;136
15;10.12.2003;0.051;136
15;13.01.2004;0.046;136
15;06.04.2004;0.096;136
15;10.08.2004;0.028;136
15;19.10.2004;0.016;136
15;13.01.2005;0;136
15;07.04.2005;0.038;136
15;10.08.2005;0;136
15;25.10.2005;0.049;136
15;09.02.2006;0.088;136
15;05.04.2006;0.04;136
15;13.07.2006;0.022;136
15;21.11.2006;0.009;136
15;16.01.2007;0;136
15;10.05.2007;0;136
15;23.07.2007;0.58;136
15;04.10.2007;0;136
15;14.01.2008;0;136
15;10.04.2008;0.18;136
15;16.07.2008;0.062;136
15;02.10.2008;0.077;136
15;09.01.2009;0.08;136
15;07.04.2009;0;136
15;10.08.2009;0.037;136
15;01.10.2009;0.018;136
15;12.01.2010;0;136
15;07.04.2010;0.14;136
15;07.07.2010;0.02;136
15;05.10.2010;0;136
15;10.01.2011;0.05;136
15;07.04.2011;0.124;136
15;02.08.2011;0.086;136
15;10.10.2011;0.025;136
15;10.01.2012;0;136
15;11.04.2012;0.024;136
15;08.08.2012;0.092;136
15;06.11.2012;0.021;136
15;08.01.2013;0.07;136
15;02.04.2013;0.07;136
15;12.08.2013;0;136
15;04.10.2013;0.084;136
15;14.01.2014;0;136
15;08.04.2014;0.07;136
15;04.07.2014;0.059;136
15;02.10.2014;0.093;136
15;20.01.2015;0;136
15;15.04.2015;0;136
15;15.07.2015;0.286;136
15;08.10.2015;0.089;136
15;14.01.2016;0;136
15;20.04.2016;0.088;136
15;13.07.2016;0;136
15;13.10.2016;0.39;136
15;02.02.2017;0;136
15;05.04.2017;0;136
15;04.07.2017;0.1;136
15;25.07.2017;0.032;136
15;18.10.2017;0;136
15;10.01.2018;0;136
15;10.04.2018;0.15;136
15;14.08.2018;0.094;136
15;08.10.2018;0.201;136
16;22.04.1993;0.18;153
16;20.07.1993;0.3;153
16;07.10.1993;0.16;153
16;11.01.1994;0.24;153
16;01.04.1994;0.25;153
16;11.07.1994;0;153
16;04.10.1994;0.04;153
16;03.01.1995;0.18;153
16;01.02.1995;0.165;153
16;02.03.1995;0.1;153
16;04.04.1995;0.01;153
16;11.05.1995;0.33;153
16;01.06.1995;0.39;153
16;10.07.1995;0.38;153
16;01.08.1995;0.49;153
16;14.09.1995;0.46;153
16;17.10.1995;0.57;153
16;14.11.1995;0.066;153
16;06.12.1995;0.185;153
16;23.01.1996;0.345;153
16;06.02.1996;0.265;153
16;21.03.1996;0.58;153
16;03.04.1996;0.635;153
16;05.05.1996;0.305;153
16;05.06.1996;0.2;153
16;04.07.1996;0.065;153
16;05.08.1996;0;153
16;02.09.1996;0.04;153
16;07.10.1996;0.04;153
16;11.11.1996;0;153
16;04.12.1996;0.125;153
16;09.01.1997;0.3;153
16;13.02.1997;0.57;153
16;12.03.1997;0.25;153
16;08.04.1997;0.34;153
16;12.05.1997;0.035;153
16;03.06.1997;0.145;153
16;01.07.1997;0.08;153
16;04.08.1997;0.125;153
16;01.09.1997;0.345;153
16;06.10.1997;0.105;153
16;03.11.1997;0.138;153
16;02.12.1997;0.1;153
16;12.01.1998;0.181;153
16;02.02.1998;0.01;153
16;03.03.1998;0.04;153
16;01.04.1998;0;153
16;05.05.1998;0;153
16;01.06.1998;0;153
16;01.07.1998;0.003;153
16;04.08.1998;0.005;153
16;11.09.1998;0.004;153
16;07.10.1998;0;153
16;03.11.1998;0.029;153
16;01.12.1998;0.03;153
16;04.01.1999;0.002;153
16;03.02.1999;0.001;153
16;02.03.1999;0;153
16;05.04.1999;0.002;153
16;11.05.1999;0.09;153
16;03.06.1999;0.271;153
16;01.07.1999;0;153
16;02.08.1999;0;153
16;01.09.1999;0;153
16;05.10.1999;0;153
16;10.11.1999;0.012;153
16;13.12.1999;0;153
16;12.01.2000;0.06;153
16;15.02.2000;0.12;153
16;13.03.2000;0.05;153
16;17.04.2000;0;153
16;10.05.2000;0;153
16;07.06.2000;0.061;153
16;04.07.2000;0.15;153
16;08.08.2000;0.002;153
16;27.08.2000;0.02;153
16;04.09.2000;0.113;153
16;07.09.2000;0.065;153
16;11.09.2000;0.01;153
16;14.09.2000;0.106;153
16;18.09.2000;0.08;153
16;28.09.2000;0.127;153
16;09.10.2000;0.074;153
16;01.11.2000;0.054;153
16;05.12.2000;0.096;153
16;10.01.2001;0.057;153
16;06.02.2001;0.135;153
16;11.03.2001;0.081;153
16;03.04.2001;0.043;153
16;03.05.2001;0.063;153
16;11.06.2001;0.43;153
16;09.07.2001;0;153
16;06.08.2001;0.116;153
16;03.09.2001;0.027;153
16;08.10.2001;0.03;153
16;05.11.2001;0.084;153
16;03.12.2001;0.068;153
16;09.01.2002;0.158;153
16;05.02.2002;0.153;153
16;13.03.2002;0;153
16;09.04.2002;0.114;153
16;14.05.2002;0.03;153
16;04.06.2002;0.014;153
16;10.07.2002;0.022;153
16;01.08.2002;0.148;153
16;02.09.2002;0;153
16;01.10.2002;0.12;153
16;04.11.2002;0.071;153
16;02.12.2002;0.01;153
16;13.01.2003;0.2;153
16;19.02.2003;0.3;153
16;12.03.2003;0.223;153
16;14.04.2003;0.014;153
16;12.05.2003;0.054;153
16;10.06.2003;0.02;153
16;02.07.2003;0.018;153
16;12.08.2003;0.014;153
16;12.09.2003;0.038;153
16;10.10.2003;0.043;153
16;13.11.2003;0.042;153
16;10.12.2003;0.043;153
16;13.01.2004;0.04;153
16;12.02.2004;0;153
16;11.03.2004;0;153
16;06.04.2004;0.057;153
16;06.05.2004;0.034;153
16;09.06.2004;0;153
16;07.07.2004;0;153
16;10.08.2004;0.029;153
16;27.09.2004;0.021;153
16;19.10.2004;0.013;153
16;02.11.2004;0.007;153
16;16.12.2004;0.023;153
16;13.01.2005;0;153
16;07.02.2005;0;153
16;10.03.2005;0;153
16;07.04.2005;0.065;153
16;12.05.2005;0.05;153
16;08.06.2005;0;153
16;20.07.2005;0.007;153
16;10.08.2005;0;153
16;19.09.2005;0.075;153
16;24.10.2005;0.09;153
16;15.11.2005;0;153
16;12.12.2005;0;153
16;16.01.2006;0;153
16;09.02.2006;0.063;153
16;15.03.2006;0;153
16;05.04.2006;0.038;153
16;12.05.2006;0;153
16;07.06.2006;0.017;153
16;13.07.2006;0.06;153
16;28.08.2006;0.041;153
16;28.09.2006;0;153
16;12.10.2006;0.012;153
16;21.11.2006;0.005;153
16;06.12.2006;0;153
16;16.01.2007;0.015;153
16;22.02.2007;0.001;153
16;14.03.2007;0.012;153
16;12.04.2007;0.13;153
16;10.05.2007;0;153
16;15.06.2007;0;153
16;23.07.2007;0.06;153
16;21.08.2007;0;153
16;10.09.2007;0;153
16;04.10.2007;0.01;153
16;13.11.2007;0.125;153
16;03.12.2007;0.12;153
16;14.01.2008;0.002;153
16;01.02.2008;0.017;153
16;13.03.2008;0.019;153
16;10.04.2008;0.13;153
16;13.05.2008;0.04;153
16;04.06.2008;0.034;153
16;16.07.2008;0.05;153
16;13.08.2008;0.03;153
16;02.09.2008;0.7;153
16;02.10.2008;0.097;153
16;12.11.2008;0.114;153
16;10.12.2008;0.023;153
16;09.01.2009;0.114;153
16;03.02.2009;0.017;153
16;04.03.2009;0;153
16;06.04.2009;0;153
16;19.05.2009;0.1;153
16;04.06.2009;0;153
16;07.07.2009;0.135;153
16;10.08.2009;0.188;153
16;01.09.2009;0.026;153
16;01.10.2009;0.024;153
16;03.11.2009;0.021;153
16;02.12.2009;0.119;153
16;12.01.2010;0.151;153
16;10.02.2010;0.064;153
16;10.03.2010;0.095;153
16;07.04.2010;0.16;153
16;12.05.2010;0.27;153
16;02.06.2010;0.24;153
16;07.07.2010;0.053;153
16;09.08.2010;0.006;153
16;06.09.2010;0.082;153
16;05.10.2010;0.03;153
16;18.11.2010;0.018;153
16;07.12.2010;0;153
16;10.01.2011;0.086;153
16;09.02.2011;0.17;153
16;21.03.2011;0.17;153
16;05.04.2011;0.134;153
16;10.05.2011;0;153
16;06.06.2011;0.03;153
16;05.07.2011;0.022;153
16;02.08.2011;0.025;153
16;05.09.2011;0.061;153
16;12.10.2011;0.061;153
16;07.11.2011;0.115;153
16;06.12.2011;0.091;153
16;12.01.2012;0;153
16;09.02.2012;0.02;153
16;01.03.2012;0.028;153
16;09.04.2012;0.006;153
16;15.05.2012;0.061;153
16;05.06.2012;0.063;153
16;16.07.2012;0.084;153
16;06.08.2012;0.023;153
16;06.09.2012;0.066;153
16;08.10.2012;0.052;153
16;01.11.2012;0.11;153
16;06.12.2012;0.054;153
16;02.01.2013;0.11;153
16;07.02.2013;0.11;153
16;04.03.2013;0;153
16;04.04.2013;0.11;153
16;15.05.2013;0.025;153
16;10.06.2013;0.086;153
16;04.07.2013;0;153
16;15.08.2013;0;153
16;03.09.2013;0.039;153
16;02.10.2013;0.069;153
16;07.11.2013;0.048;153
16;13.12.2013;0.06;153
16;14.01.2014;0;153
16;11.02.2014;0;153
16;24.03.2014;0.048;153
16;08.04.2014;0.1;153
16;13.05.2014;0.11;153
16;01.06.2014;0.015;153
16;04.07.2014;0.11;153
16;01.08.2014;0.15;153
16;03.09.2014;0.03;153
16;02.10.2014;0.071;153
16;04.11.2014;0.18;153
16;03.12.2014;0;153
16;20.01.2015;0.024;153
16;03.02.2015;0;153
16;06.03.2015;0;153
16;15.04.2015;0;153
16;20.05.2015;0.054;153
16;03.06.2015;0;153
16;15.07.2015;0.16;153
16;14.08.2015;0.024;153
16;01.09.2015;0;153
16;08.10.2015;0.162;153
16;04.11.2015;0;153
16;09.12.2015;0;153
16;14.01.2016;0;153
16;11.02.2016;0;153
16;14.03.2016;0.026;153
16;20.04.2016;0.135;153
16;11.05.2016;0;153
16;06.06.2016;0;153
16;13.07.2016;0.012;153
16;11.08.2016;0.1;153
16;05.09.2016;0;153
16;13.10.2016;0.26;153
16;01.11.2016;0.092;153
16;13.12.2016;0.33;153
16;23.01.2017;0;153
16;02.02.2017;0;153
16;15.03.2017;0.065;153
16;05.04.2017;0;153
16;15.05.2017;0;153
16;07.06.2017;0.042;153
16;04.07.2017;0.092;153
16;25.07.2017;0;153
16;08.08.2017;0.029;153
16;29.08.2017;0;153
16;05.09.2017;0;153
16;18.10.2017;0.012;153
16;14.11.2017;0.017;153
16;06.12.2017;0.116;153
16;10.01.2018;0;153
16;12.02.2018;0.058;153
16;14.03.2018;0.035;153
16;10.04.2018;0.064;153
16;22.05.2018;0.236;153
16;07.06.2018;0.106;153
16;17.07.2018;0;153
16;14.08.2018;0.159;153
16;24.09.2018;0.144;153
16;08.10.2018;0.196;153
16;06.11.2018;0.304;153
16;12.12.2018;0.303;153
16;28.01.2019;0.067;153
16;12.02.2019;0.153;153
16;12.03.2019;0;153
16;02.04.2019;0.253;153
16;23.05.2019;0.207;153
16;10.06.2019;0.116;153
16;04.07.2019;0.003;153
16;06.08.2019;0.076;153
16;04.09.2019;0.163;153
17;06.05.1993;0.16;206
17;20.07.1993;0;206
17;07.10.1993;0.34;206
17;11.01.1994;0.3;206
17;01.04.1994;0.14;206
17;11.07.1994;0;206
17;04.10.1994;0.06;206
17;01.02.1995;0.05;206
17;04.04.1995;0.07;206
17;03.07.1995;0.33;206
17;17.10.1995;0.07;206
17;06.02.1996;0.26;206
17;03.04.1996;0.555;206
17;04.07.1996;0.17;206
17;11.11.1996;0.065;206
17;13.02.1997;0.41;206
17;08.04.1997;0;206
17;04.08.1997;0.14;206
17;06.10.1997;0.07;206
17;02.02.1998;0.21;206
17;01.04.1998;0.021;206
17;01.07.1998;0;206
17;07.10.1998;0;206
17;02.03.1999;0;206
17;05.04.1999;0.026;206
17;01.07.1999;0;206
17;05.10.1999;0;206
17;12.01.2000;0.07;206
17;17.04.2000;0.077;206
17;27.08.2000;0.47;206
17;04.09.2000;0.087;206
17;07.09.2000;0.05;206
17;11.09.2000;0.038;206
17;14.09.2000;0.077;206
17;18.09.2000;0.127;206
17;28.09.2000;0.106;206
17;09.10.2000;0.11;206
17;01.11.2000;0.071;206
17;05.12.2000;0;206
17;10.01.2001;0.02;206
17;06.02.2001;0.097;206
17;11.03.2001;0;206
17;03.04.2001;0;206
17;03.05.2001;0;206
17;11.06.2001;0.16;206
17;09.07.2001;0;206
17;08.10.2001;0.057;206
17;09.01.2002;0.433;206
17;09.04.2002;0.134;206
17;10.07.2002;0.061;206
17;01.10.2002;0.1;206
17;13.01.2003;0.196;206
17;14.04.2003;0.156;206
17;02.07.2003;0.04;206
17;10.10.2003;0.047;206
17;13.01.2004;0.036;206
17;06.04.2004;0;206
17;07.07.2004;0;206
17;19.10.2004;0;206
17;13.01.2005;0;206
17;07.04.2005;0.08;206
17;12.05.2005;0.086;206
17;08.06.2005;0.041;206
17;19.09.2005;0.062;206
17;12.12.2005;0.022;206
17;15.03.2006;0;206
17;07.06.2006;0.01;206
17;28.08.2006;0.02;206
17;12.10.2006;0.043;206
17;22.02.2007;0;206
17;12.04.2007;0.12;206
17;23.07.2007;0.19;206
17;04.10.2007;0.021;206
17;01.02.2008;0;206
17;10.04.2008;0.094;206
17;16.07.2008;0.073;206
17;02.10.2008;0.01;206
17;03.02.2009;0.005;206
17;07.04.2009;0;206
17;07.07.2009;0.239;206
17;01.10.2009;0.034;206
17;10.02.2010;0.005;206
17;07.04.2010;0.19;206
17;07.07.2010;0.091;206
17;05.10.2010;0;206
17;09.02.2011;0.22;206
17;05.04.2011;0.161;206
17;02.08.2011;0.045;206
17;12.10.2011;0.047;206
17;09.02.2012;0.096;206
17;09.04.2012;0.013;206
17;16.07.2012;0;206
17;08.10.2012;0.049;206
17;07.02.2013;0.064;206
17;04.04.2013;0.08;206
17;04.07.2013;0;206
17;02.10.2013;0.083;206
17;11.02.2014;0;206
17;13.05.2014;0.058;206
17;01.08.2014;0;206
17;04.11.2014;0.24;206
17;03.02.2015;0.06;206
17;15.04.2015;0;206
17;15.07.2015;0.15;206
17;04.11.2015;0;206
17;14.01.2016;0.009;206
17;20.04.2016;0.17;206
17;13.07.2016;0.043;206
17;13.10.2016;0.17;206
17;23.01.2017;0.047;206
17;05.04.2017;0;206
17;04.07.2017;0.13;206
17;25.07.2017;0;206
17;18.10.2017;0.05;206
17;10.01.2018;0.026;206
17;10.04.2018;0.104;206
17;17.07.2018;0;206
17;08.10.2018;0.323;206
18;28.01.2019;0.174;237
18;12.02.2019;0.164;237
18;12.03.2019;0.033;237
18;02.04.2019;0.466;237
18;23.05.2019;0.137;237
18;10.06.2019;0.367;237
18;04.07.2019;0;237
18;06.08.2019;0;237
18;04.09.2019;1.55;237
19;16.03.1994;0.1;316
19;17.05.1994;0.1;316
19;04.08.1994;0.18;316
19;11.10.1994;0.1;316
19;21.03.1995;0.05;316
19;04.04.1995;0.2;316
19;14.06.1995;0.02;316
19;13.09.1995;0.05;316
19;18.03.1996;0.7;316
19;17.04.1996;1;316
19;12.06.1996;0.35;316
19;10.09.1996;0.5;316
19;11.03.1997;0.5;316
19;09.04.1997;0.2;316
19;19.06.1997;0.1;316
19;04.09.1997;0.2;316
19;09.03.1998;0.5;316
19;06.04.1998;0.45;316
19;03.06.1998;0.3;316
19;01.09.1998;0.4;316
19;18.02.1999;0.65;316
19;28.05.1999;0.25;316
19;01.09.1999;0.3;316
19;12.11.1999;0.42;316
19;07.02.2000;0.25;316
19;22.05.2000;0.2;316
19;04.08.2000;0.32;316
19;13.11.2000;0.28;316
19;15.02.2001;0.18;316
19;27.04.2001;0.4;316
19;06.08.2001;0.34;316
19;01.11.2001;0.36;316
19;04.02.2002;0.2;316
19;10.04.2002;0.4;316
19;16.07.2002;0.35;316
19;07.11.2002;0.28;316
19;08.03.2003;0.16;316
19;17.03.2003;1.24;316
19;04.04.2003;1.62;316
19;25.02.2004;0.19;316
19;15.04.2004;0.47;316
19;18.08.2004;0.47;316
19;04.11.2004;0.47;316
19;22.02.2005;0.36;316
19;15.04.2005;0.2;316
19;23.05.2005;0.15;316
19;09.06.2005;0.15;316
19;26.07.2005;0.28;316
19;09.08.2005;0.22;316
19;16.09.2005;0.27;316
19;23.11.2005;0.16;316
19;07.02.2006;0.22;316
19;17.04.2006;0.34;316
19;17.08.2006;0.16;316
19;20.11.2006;0.28;316
19;22.02.2007;0.25;316
19;26.04.2007;0.15;316
19;01.08.2007;0.36;316
19;04.02.2008;0.54;316
19;17.04.2008;0.44;316
19;06.08.2008;0.26;316
19;18.11.2008;0.03;316
19;26.08.2010;0.41;316
19;13.12.2010;0.09;316
19;10.03.2011;0.45;316
19;03.08.2011;0.13;316
19;23.11.2011;0.07;316
19;02.03.2012;0.33;316
19;07.06.2012;0.24;316
19;05.09.2012;0.5;316
19;22.10.2012;0.25;316
19;19.03.2013;0.08;316
19;11.06.2013;0.13;316
19;06.08.2013;0.053;316
19;06.11.2013;0.17;316
19;17.03.2014;0.1;316
19;05.06.2014;0.11;316
19;05.09.2014;0.14;316
19;26.11.2014;0.17;316
19;24.03.2015;0.12;316
19;10.06.2015;0.11;316
19;21.09.2015;0.14;316
19;03.11.2015;0.22;316
19;22.03.2016;0.15;316
19;11.05.2016;0.36;316
19;14.09.2016;0.09;316
19;24.10.2016;0.08;316
19;21.03.2017;0.15;316
19;17.05.2017;0.09;316
19;07.09.2017;0.23;316
19;23.10.2017;0.08;316
19;13.03.2018;0.24;316
19;06.06.2018;0.062;316
19;17.09.2018;0.45;316
19;17.10.2018;0.36;316
20;30.03.1995;0.13;327
20;17.05.1995;0.54;327
20;14.09.1995;1.6;327
20;19.12.1995;0.19;327
20;28.05.1996;0.71;327
20;05.08.1996;0.9;327
20;16.10.1996;0.45;327
20;04.03.1997;1.35;327
20;15.07.1997;0.48;327
20;12.11.1997;0.9;327
20;24.02.1998;1;327
20;16.06.1998;0.5;327
20;11.08.1998;0.86;327
20;03.11.1998;1.75;327
20;17.03.1999;1.35;327
20;20.04.1999;2.42;327
20;07.07.1999;0.29;327
20;05.10.1999;0.2;327
20;02.02.2000;2.2;327
20;05.04.2000;0.27;327
20;05.07.2000;0.07;327
20;03.10.2000;0.34;327
20;12.03.2001;0.34;327
20;11.04.2001;1.02;327
20;04.09.2001;0;327
20;16.10.2001;0;327
20;14.03.2002;0.27;327
20;10.04.2002;0;327
20;12.09.2002;0.13;327
20;02.10.2002;0.3;327
20;26.03.2003;1.1;327
20;14.05.2003;0.04;327
20;04.07.2003;0.3;327
20;01.10.2003;0.16;327
20;11.03.2004;0.4;327
20;12.05.2004;0.3;327
20;12.07.2004;0.36;327
20;13.10.2004;0.14;327
20;06.04.2005;0.14;327
20;13.05.2005;2.7;327
20;28.09.2005;0.48;327
20;25.10.2005;0.36;327
20;21.03.2006;0.31;327
20;12.04.2006;0.38;327
20;21.09.2006;0.25;327
20;24.10.2006;0.39;327
20;14.03.2007;0.17;327
20;18.04.2007;0.31;327
20;15.08.2007;0.65;327
20;10.10.2007;0.11;327
20;13.03.2008;0.5;327
20;05.06.2008;0.33;327
20;04.09.2008;0.18;327
20;07.10.2008;0.19;327
20;12.03.2010;0.166;327
20;13.04.2010;0.21;327
20;08.07.2010;0.31;327
20;13.10.2010;0.41;327
20;14.04.2011;0.023;327
20;03.08.2011;0.16;327
20;18.10.2011;0.34;327
20;02.03.2012;0.54;327
20;07.06.2012;0.67;327
20;05.09.2012;0.45;327
20;22.10.2012;0.27;327
20;19.03.2013;0.008;327
20;11.06.2013;0.06;327
20;06.08.2013;0.055;327
20;06.11.2013;0.17;327
20;06.03.2014;0.08;327
20;05.06.2014;0.1;327
20;05.09.2014;0.13;327
20;26.11.2014;0.34;327
20;24.03.2015;0.16;327
20;10.06.2015;0.11;327
20;21.09.2015;0.41;327
20;03.11.2015;0.35;327
20;23.03.2016;0.075;327
20;11.05.2016;0.18;327
20;14.09.2016;0.58;327
20;24.10.2016;0.1;327
20;21.03.2017;0.18;327
20;17.05.2017;0.11;327
20;07.09.2017;0.17;327
20;23.10.2017;0.21;327
20;13.03.2018;0.44;327
20;06.06.2018;0.049;327
20;17.09.2018;0.35;327
20;17.10.2018;0.25;327
21;17.03.1993;0.123;372
21;10.05.1993;0.33;372
21;01.09.1993;0.845;372
21;12.10.1993;0.485;372
21;19.01.1994;1.2;372
21;11.05.1994;0.55;372
21;10.08.1994;0.43;372
21;27.10.1994;0.33;372
21;06.02.1995;0.4;372
21;17.05.1995;0.54;372
21;11.07.1995;0.21;372
21;18.10.1995;0.29;372
21;20.03.1996;2.19;372
21;28.05.1996;0.77;372
21;09.07.1996;1.81;372
21;16.10.1996;0.54;372
21;04.03.1997;0.74;372
21;13.05.1997;1.2;372
21;15.07.1997;0.67;372
21;12.11.1997;1.03;372
21;24.02.1998;0.81;372
21;16.06.1998;0.7;372
21;11.08.1998;0.6;372
21;03.11.1998;2;372
21;17.03.1999;1.48;372
21;20.04.1999;1.88;372
21;07.07.1999;0.3;372
21;05.10.1999;0.3;372
21;02.02.2000;2.2;372
21;05.04.2000;0.1;372
21;05.07.2000;0;372
21;03.10.2000;0.48;372
21;12.03.2001;0.46;372
21;11.04.2001;1.36;372
21;04.09.2001;0;372
21;16.10.2001;0;372
21;14.03.2002;0.16;372
21;10.04.2002;0;372
21;12.09.2002;0.05;372
21;02.10.2002;0.41;372
21;26.03.2003;1.6;372
21;14.05.2003;0.25;372
21;02.09.2003;0.22;372
21;01.10.2003;0.15;372
21;11.03.2004;0.27;372
21;12.05.2004;0.28;372
21;12.07.2004;0.36;372
21;13.10.2004;0.34;372
21;22.03.2005;0.34;372
21;06.04.2005;0.18;372
21;28.09.2005;0.51;372
21;25.10.2005;0.48;372
21;21.03.2006;0.13;372
21;12.04.2006;0.32;372
21;21.09.2006;0.3;372
21;24.10.2006;0.45;372
21;14.03.2007;0.16;372
21;18.04.2007;0.3;372
21;15.08.2007;0.69;372
21;10.10.2007;0.13;372
21;13.03.2008;0.25;372
21;05.06.2008;0.27;372
21;04.09.2008;0.14;372
21;07.10.2008;0.15;372
21;12.03.2010;0.225;372
21;13.04.2010;0.16;372
21;08.07.2010;0.34;372
21;13.10.2010;0.29;372
21;14.04.2011;0.038;372
21;03.08.2011;0.18;372
21;18.10.2011;0.37;372
21;02.03.2012;0.66;372
21;07.06.2012;0.16;372
21;05.09.2012;0.4;372
21;22.10.2012;0.22;372
21;19.03.2013;0.08;372
21;11.06.2013;0.068;372
21;06.08.2013;0.072;372
21;06.11.2013;0.14;372
21;06.03.2014;0.09;372
21;11.06.2014;0.11;372
21;28.08.2014;0.16;372
21;26.11.2014;0.26;372
21;24.03.2015;0.14;372
21;10.06.2015;0.11;372
21;21.09.2015;0.07;372
21;03.11.2015;0.35;372
21;23.03.2016;0.05;372
21;11.05.2016;0.15;372
21;14.09.2016;0.2;372
21;24.10.2016;0.05;372
21;21.03.2017;0.16;372
21;17.05.2017;0.08;372
21;07.09.2017;0.4;372
21;23.10.2017;0.06;372
21;13.03.2018;0.12;372
21;06.06.2018;0.12;372
21;17.10.2018;0.19;372
22;28.01.1993;0.075;400
22;08.04.1993;0.48;400
22;25.06.1993;0.2;400
22;01.09.1993;0.851;400
22;12.10.1993;0.475;400
22;19.01.1994;1.26;400
22;11.05.1994;0.547;400
22;30.08.1994;0.63;400
22;27.10.1994;0.33;400
22;06.02.1995;0.4;400
22;17.05.1995;0.45;400
22;19.06.1995;0.83;400
22;11.07.1995;0.2;400
22;18.10.1995;0.51;400
22;20.03.1996;2.45;400
22;03.04.1996;2;400
22;09.07.1996;1.26;400
22;16.10.1996;0.48;400
22;04.03.1997;0.7;400
22;13.05.1997;1.4;400
22;15.07.1997;0.67;400
22;12.11.1997;0.64;400
22;24.02.1998;1.1;400
22;16.06.1998;0.67;400
22;11.08.1998;0.72;400
22;03.11.1998;0.8;400
22;17.03.1999;1.69;400
22;20.04.1999;1.68;400
22;07.07.1999;0.3;400
22;05.10.1999;0.74;400
22;02.02.2000;2.2;400
22;05.04.2000;0.14;400
22;05.07.2000;0.07;400
22;03.10.2000;0.51;400
22;12.03.2001;0.36;400
22;11.04.2001;1.1;400
22;04.09.2001;0;400
22;16.10.2001;0;400
22;14.03.2002;0.1;400
22;10.04.2002;0;400
22;12.09.2002;0.08;400
22;02.10.2002;0.34;400
22;26.03.2003;1.5;400
22;14.05.2003;0.06;400
22;02.09.2003;0.1;400
22;01.10.2003;0.28;400
22;11.03.2004;0.27;400
22;12.05.2004;0.32;400
22;12.07.2004;0.21;400
22;13.10.2004;0.29;400
22;22.03.2005;0.67;400
22;06.04.2005;0.41;400
22;28.09.2005;0.48;400
22;25.10.2005;0.57;400
22;21.03.2006;0.46;400
22;12.04.2006;0.64;400
22;21.09.2006;0.35;400
22;24.10.2006;0.58;400
22;14.03.2007;0.15;400
22;18.04.2007;0.23;400
22;15.08.2007;0.81;400
22;10.10.2007;0.18;400
22;13.03.2008;0.35;400
22;05.06.2008;0.99;400
22;04.09.2008;0.21;400
22;07.10.2008;0.17;400
22;11.06.2009;0.34;400
22;08.07.2009;0.17;400
22;07.10.2009;0.28;400
22;12.03.2010;0.491;400
22;13.04.2010;0.14;400
22;08.07.2010;0.36;400
22;13.10.2010;0.4;400
22;15.03.2011;0.28;400
22;03.08.2011;0.18;400
22;18.10.2011;0.46;400
22;13.03.2012;0.98;400
22;05.04.2012;0.11;400
22;07.06.2012;0.33;400
22;05.09.2012;0.29;400
22;22.10.2012;0.6;400
22;19.03.2013;0.11;400
22;11.06.2013;0.053;400
22;06.08.2013;0.082;400
22;06.11.2013;0.28;400
22;17.03.2014;0.13;400
22;14.04.2014;0.036;400
22;05.06.2014;0.15;400
22;28.08.2014;0.07;400
22;26.11.2014;0.12;400
22;24.03.2015;0.26;400
22;10.06.2015;0.13;400
22;21.09.2015;0.17;400
22;03.11.2015;0.3;400
22;23.03.2016;0.09;400
22;11.05.2016;0.11;400
22;14.09.2016;0.08;400
22;24.10.2016;0.04;400
22;21.03.2017;0.18;400
22;17.05.2017;0.13;400
22;07.09.2017;0.12;400
22;23.10.2017;0.04;400
22;13.03.2018;0.31;400
22;06.06.2018;0.034;400
22;17.09.2018;0.25;400
22;17.10.2018;0.27;400
23;17.03.1993;0.123;413
23;25.06.1993;0.12;413
23;01.09.1993;0.805;413
23;12.10.1993;0.485;413
23;19.01.1994;1.6;413
23;11.05.1994;0.63;413
23;30.08.1994;0.57;413
23;27.10.1994;0.4;413
23;06.02.1995;0.4;413
23;30.03.1995;0.03;413
23;17.05.1995;0.38;413
23;19.06.1995;0.49;413
23;11.07.1995;0.2;413
23;21.08.1995;0.4;413
23;12.09.1995;2;413
23;18.10.1995;0.64;413
23;19.12.1995;0.83;413
23;20.03.1996;2.7;413
23;03.04.1996;3.6;413
23;09.07.1996;0.97;413
23;16.10.1996;0.51;413
23;04.03.1997;1.4;413
23;13.05.1997;1.8;413
23;15.07.1997;0.67;413
23;12.11.1997;0.77;413
23;24.02.1998;0.96;413
23;16.06.1998;0.67;413
23;11.08.1998;0.65;413
23;03.11.1998;0.67;413
23;17.03.1999;1.69;413
23;20.04.1999;1.65;413
23;13.05.1999;1.54;413
23;10.06.1999;3.1;413
23;07.07.1999;0.4;413
23;03.08.1999;1.6;413
23;21.09.1999;0.01;413
23;05.10.1999;0.4;413
23;17.11.1999;2.22;413
23;14.12.1999;0.09;413
23;11.01.2000;2.5;413
23;02.02.2000;2.2;413
23;02.03.2000;0.65;413
23;05.04.2000;0.17;413
23;17.05.2000;0.38;413
23;06.06.2000;0.27;413
23;05.07.2000;0.34;413
23;02.08.2000;0.17;413
23;12.09.2000;0.24;413
23;03.10.2000;0.44;413
23;15.11.2000;0.66;413
23;19.12.2000;2.22;413
23;11.01.2001;0.16;413
23;12.02.2001;0.53;413
23;12.03.2001;0.38;413
23;11.04.2001;0.98;413
23;16.05.2001;1.25;413
23;06.06.2001;1.31;413
23;04.07.2001;0.17;413
23;07.08.2001;0.14;413
23;04.09.2001;0;413
23;16.10.2001;0;413
23;14.11.2001;0.4;413
23;12.12.2001;0.07;413
23;16.01.2002;0.1;413
23;05.02.2002;0.89;413
23;14.03.2002;0.23;413
23;10.04.2002;0.18;413
23;15.05.2002;0.23;413
23;13.06.2002;0.73;413
23;18.07.2002;0.15;413
23;15.08.2002;0.13;413
23;12.09.2002;0.18;413
23;02.10.2002;0.28;413
23;14.11.2002;0.48;413
23;06.12.2002;0.58;413
23;19.02.2003;0.42;413
23;26.03.2003;1.5;413
23;17.04.2003;0.29;413
23;14.05.2003;0.12;413
23;11.06.2003;0.39;413
23;04.07.2003;0.11;413
23;06.08.2003;0.07;413
23;02.09.2003;0.18;413
23;01.10.2003;0.14;413
23;12.11.2003;0.23;413
23;10.12.2003;0.71;413
23;12.01.2004;0.13;413
23;11.02.2004;0.69;413
23;11.03.2004;0.26;413
23;14.04.2004;0.04;413
23;12.05.2004;0.58;413
23;10.06.2004;0.59;413
23;12.07.2004;0.18;413
23;31.08.2004;0.11;413
23;08.09.2004;0.4;413
23;13.10.2004;0.43;413
23;10.11.2004;0.16;413
23;08.12.2004;0.87;413
23;24.01.2005;0.72;413
23;23.02.2005;0.48;413
23;17.03.2005;0.85;413
23;06.04.2005;0.43;413
23;13.05.2005;2.67;413
23;10.06.2005;0.87;413
23;05.07.2005;0.68;413
23;26.08.2005;0.53;413
23;28.09.2005;0.42;413
23;25.10.2005;0.52;413
23;29.11.2005;0.79;413
23;15.12.2005;0.35;413
23;18.01.2006;0.44;413
23;14.02.2006;1.1;413
23;21.03.2006;0.75;413
23;12.04.2006;0.68;413
23;17.05.2006;0.52;413
23;05.06.2006;0.06;413
23;11.07.2006;0.14;413
23;10.08.2006;0.22;413
23;21.09.2006;0.34;413
23;24.10.2006;0.47;413
23;21.11.2006;0.28;413
23;12.12.2006;0.08;413
23;16.01.2007;0.12;413
23;20.02.2007;0.2;413
23;14.03.2007;0.18;413
23;18.04.2007;0.28;413
23;21.05.2007;0.62;413
23;18.06.2007;0.29;413
23;11.07.2007;0.47;413
23;15.08.2007;0.98;413
23;06.09.2007;0.32;413
23;10.10.2007;0.16;413
23;14.11.2007;0.42;413
23;12.12.2007;0.71;413
23;18.01.2008;1.7;413
23;12.02.2008;0.29;413
23;13.03.2008;0.3;413
23;03.04.2008;0.12;413
23;07.05.2008;0.4;413
23;05.06.2008;1.01;413
23;03.07.2008;0.199;413
23;08.08.2008;0.14;413
23;04.09.2008;0.14;413
23;07.10.2008;0.15;413
23;13.11.2008;0.32;413
23;03.12.2008;0.41;413
23;12.01.2009;0.29;413
23;03.02.2009;0.23;413
23;11.03.2009;0.21;413
23;07.04.2009;0.19;413
23;11.06.2009;0.28;413
23;08.07.2009;0.18;413
23;10.08.2009;0.3;413
23;01.09.2009;0.22;413
23;07.10.2009;0.31;413
23;03.11.2009;0.23;413
23;08.12.2009;0.12;413
23;19.01.2010;0.29;413
23;04.02.2010;0.43;413
23;12.03.2010;0.42;413
23;13.04.2010;0.17;413
23;13.05.2010;0.24;413
23;01.06.2010;0.6;413
23;08.07.2010;0.65;413
23;05.08.2010;0.61;413
23;07.09.2010;0.22;413
23;13.10.2010;0.71;413
23;16.11.2010;0.3;413
23;07.12.2010;0.66;413
23;12.01.2011;0.39;413
23;08.02.2011;0.71;413
23;15.03.2011;0.37;413
23;05.07.2011;0.27;413
23;03.08.2011;0.29;413
23;09.09.2011;0.5;413
23;18.10.2011;1.06;413
23;08.11.2011;0.047;413
23;08.12.2011;0.17;413
23;11.01.2012;0.46;413
23;14.02.2012;1.7;413
23;13.03.2012;0.37;413
23;05.04.2012;0.3;413
23;15.05.2012;0.15;413
23;07.06.2012;0.45;413
23;05.07.2012;0.16;413
23;08.08.2012;0.1;413
23;04.09.2012;0.41;413
23;22.10.2012;0.59;413
23;06.11.2012;0.32;413
23;13.12.2012;0.31;413
23;25.01.2013;0.29;413
23;19.02.2013;0.17;413
23;19.03.2013;0.1;413
23;16.04.2013;0.13;413
23;15.05.2013;0.1;413
23;11.06.2013;0.073;413
23;09.07.2013;0.072;413
23;06.08.2013;0.068;413
23;11.09.2013;0.08;413
23;08.10.2013;0.1;413
23;06.11.2013;0.12;413
23;03.12.2013;0.24;413
23;09.01.2014;0.08;413
23;04.02.2014;0.05;413
23;17.03.2014;0.09;413
23;10.04.2014;0.1;413
23;29.04.2014;0.1;413
23;05.06.2014;0.13;413
23;15.07.2014;0.03;413
23;15.08.2014;0.18;413
23;28.08.2014;0.17;413
23;15.10.2014;0.17;413
23;26.11.2014;0.15;413
23;15.12.2014;0.13;413
23;28.01.2015;0.13;413
23;27.02.2015;0.19;413
23;24.03.2015;0.19;413
23;15.04.2015;0.15;413
23;13.05.2015;0.11;413
23;10.06.2015;0.15;413
23;09.07.2015;0.07;413
23;11.08.2015;0.14;413
23;21.09.2015;0.21;413
23;06.10.2015;0.15;413
23;03.11.2015;0.1;413
23;08.12.2015;0.19;413
23;27.01.2016;0.81;413
23;01.02.2016;0.8;413
23;23.03.2016;0.065;413
23;21.04.2016;0.29;413
23;11.05.2016;0.17;413
23;08.06.2016;0.14;413
23;07.07.2016;0.16;413
23;25.08.2016;0.14;413
23;14.09.2016;0.01;413
23;24.10.2016;0.11;413
23;22.11.2016;0.36;413
23;20.12.2016;0.95;413
23;18.01.2017;0.24;413
23;17.02.2017;0.41;413
23;21.03.2017;0.27;413
23;19.04.2017;0.16;413
23;17.05.2017;0.17;413
23;21.06.2017;0.11;413
23;06.07.2017;0.13;413
23;26.07.2017;0.15;413
23;18.08.2017;0.57;413
23;07.09.2017;0.15;413
23;23.10.2017;0.05;413
23;23.11.2017;0.37;413
23;12.12.2017;0.27;413
23;17.01.2018;0.24;413
23;12.02.2018;0.11;413
23;13.03.2018;0.38;413
23;17.04.2018;0.28;413
23;15.05.2018;0.11;413
23;06.06.2018;0.02;413
23;04.07.2018;0.48;413
23;21.08.2018;0.22;413
23;17.09.2018;0.28;413
23;17.10.2018;0.41;413
23;14.11.2018;0.5;413
23;11.12.2018;0.19;413
23;23.01.2019;0.25;413
23;19.02.2019;0.49;413
23;21.03.2019;0.25;413
23;16.04.2019;0.24;413
23;20.05.2019;0.05;413
23;12.06.2019;0.29;413
23;10.07.2019;0.21;413
23;07.08.2019;0.34;413
23;11.09.2019;0.37;413
23;23.10.2019;0.27;413
24;06.05.1993;0.12;450
24;27.09.1993;0;450
24;15.10.1993;0.04;450
24;25.05.1994;0.58;450
24;01.08.1994;0;450
24;16.10.1994;0.5;450
24;16.05.1995;0.21;450
24;10.07.1995;0.47;450
24;12.09.1995;0.84;450
24;30.05.1996;0.125;450
24;16.07.1996;0.185;450
24;04.09.1996;0.33;450
24;14.06.1999;0.42;450
24;12.07.1999;0.056;450
24;07.09.1999;0.176;450
24;21.06.2000;0.147;450
24;11.07.2000;0.097;450
24;29.08.2000;0.04;450
24;16.07.2001;0.132;450
24;10.08.2001;0;450
24;10.09.2001;0.034;450
24;09.07.2002;0.01;450
24;05.08.2002;0.105;450
24;03.09.2002;0.03;450
24;10.06.2003;0.009;450
24;10.07.2003;0.003;450
24;18.08.2003;0.032;450
24;09.07.2004;0;450
24;12.08.2004;0.031;450
24;29.09.2004;0.058;450
24;19.07.2005;0.011;450
24;12.08.2005;0;450
24;02.09.2005;0.043;450
24;13.07.2006;0.027;450
24;28.08.2006;0.032;450
24;28.09.2006;0;450
24;15.06.2007;0;450
24;23.07.2007;0.32;450
24;21.08.2007;0;450
24;02.06.2008;0.036;450
24;16.07.2008;0.001;450
24;26.08.2008;0;450
24;04.06.2009;0;450
24;06.07.2009;0.144;450
24;12.08.2009;0.073;450
24;04.06.2010;0.226;450
24;12.07.2010;0.036;450
24;13.08.2010;0.008;450
24;09.06.2011;0.049;450
24;07.07.2011;0.049;450
24;02.08.2011;0.049;450
24;05.06.2012;0.072;450
24;18.07.2012;0.2;450
24;06.08.2012;0;450
24;14.06.2013;0.098;450
24;05.07.2013;0;450
24;16.08.2013;0.02;450
24;01.06.2014;0.009;450
24;04.07.2014;0.091;450
24;01.08.2014;0.007;450
24;03.06.2015;0.037;450
24;15.07.2015;0;450
24;14.08.2015;0;450
24;06.06.2016;0.041;450
24;13.07.2016;0;450
24;11.08.2016;0.09;450
24;07.06.2017;0.063;450
24;04.07.2017;0.067;450
24;25.07.2017;0;450
24;08.08.2017;0.05;450
24;29.08.2017;0;450
24;07.06.2018;0.155;450
24;17.07.2018;0;450
24;14.08.2018;0.12;450
25;11.03.1993;0.13;537
25;11.05.1993;5.5;537
25;05.07.1993;5.25;537
25;07.12.1993;1.69;537
25;11.01.1994;1.44;537
25;08.02.1994;2;537
25;27.04.1994;0.8;537
25;07.07.1994;1;537
25;19.10.1994;2;537
25;14.02.1995;2.03;537
25;01.03.1995;0.9;537
25;06.04.1995;0.77;537
25;04.05.1995;0.83;537
25;05.06.1995;1.451;537
25;19.07.1995;0.96;537
25;01.08.1995;1.8;537
25;05.09.1995;1.12;537
25;17.10.1995;0.77;537
25;15.11.1995;2;537
25;06.12.1995;1.09;537
25;22.01.1996;2.5;537
25;14.02.1996;2.58;537
25;13.03.1996;3.8;537
25;03.04.1996;2.3;537
25;14.05.1996;1.9;537
25;05.06.1996;2.58;537
25;02.07.1996;1.07;537
25;07.08.1996;1.19;537
25;10.09.1996;2.19;537
25;15.10.1996;0.65;537
25;12.11.1996;0.61;537
25;14.01.1997;1.4;537
25;18.02.1997;1.25;537
25;13.03.1997;1.61;537
25;08.04.1997;1.6;537
25;02.07.1997;0.8;537
25;04.11.1997;0.96;537
25;13.01.1998;0.8;537
25;07.04.1998;0.43;537
25;26.07.1998;0.47;537
25;06.10.1998;1.2;537
25;13.01.1999;1.55;537
25;19.04.1999;1.73;537
25;12.05.1999;1.14;537
25;09.06.1999;2;537
25;06.07.1999;1.5;537
25;02.08.1999;1.9;537
25;22.09.1999;0.91;537
25;26.10.1999;0.81;537
25;16.11.1999;1.81;537
25;15.12.1999;0.48;537
25;10.01.2000;1.5;537
25;01.02.2000;2.4;537
25;01.03.2000;0.51;537
25;04.04.2000;0.88;537
25;16.05.2000;0.89;537
25;05.06.2000;0.61;537
25;04.07.2000;0.41;537
25;01.08.2000;0.14;537
25;13.09.2000;0.18;537
25;05.10.2000;0.68;537
25;14.11.2000;0.6;537
25;18.12.2000;1.44;537
25;10.01.2001;0.65;537
25;13.02.2001;0.109;537
25;11.03.2001;0.33;537
25;10.04.2001;2.6;537
25;14.05.2001;1.22;537
25;05.06.2001;0.95;537
25;03.07.2001;0.1;537
25;06.08.2001;0.27;537
25;06.09.2001;0;537
25;15.10.2001;0.31;537
25;15.11.2001;0.26;537
25;11.12.2001;0.18;537
25;15.01.2002;0.75;537
25;05.02.2002;0.88;537
25;13.03.2002;0.37;537
25;09.04.2002;0.01;537
25;14.05.2002;0.23;537
25;12.06.2002;0.98;537
25;16.07.2002;0.25;537
25;13.08.2002;0.7;537
25;11.09.2002;0.44;537
25;01.10.2002;0.1;537
25;13.11.2002;0.7;537
25;05.12.2002;0.35;537
25;20.02.2003;0.37;537
25;25.03.2003;0.83;537
25;16.04.2003;0.32;537
25;13.05.2003;0.08;537
25;12.06.2003;0.53;537
25;03.07.2003;0.35;537
25;04.08.2003;0.1;537
25;03.09.2003;0.1;537
25;02.10.2003;0.71;537
25;11.11.2003;;537
25;09.12.2003;0.13;537
25;13.01.2004;0.16;537
25;10.02.2004;1.08;537
25;10.03.2004;0.43;537
25;15.04.2004;0.1;537
25;13.05.2004;0.64;537
25;08.06.2004;0.53;537
25;07.07.2004;0.73;537
25;30.08.2004;0.021;537
25;09.09.2004;0.31;537
25;14.10.2004;0.24;537
25;09.11.2004;0.13;537
25;07.12.2004;0.91;537
25;26.01.2005;0.35;537
25;22.02.2005;0.27;537
25;17.03.2005;1.96;537
25;05.04.2005;0.43;537
25;12.05.2005;2.94;537
25;09.06.2005;0.72;537
25;04.07.2005;0.52;537
25;25.08.2005;0.78;537
25;27.09.2005;0.83;537
25;24.10.2005;0.43;537
25;28.11.2005;0.57;537
25;13.12.2005;0.26;537
25;17.01.2006;0.42;537
25;13.02.2006;1.1;537
25;20.03.2006;0.41;537
25;11.04.2006;0.52;537
25;16.05.2006;0.69;537
25;06.06.2006;0.2;537
25;11.07.2006;0.21;537
25;07.08.2006;0.54;537
25;20.09.2006;0.25;537
25;23.10.2006;0.41;537
25;20.11.2006;0.62;537
25;11.12.2006;0.08;537
25;17.01.2007;0.07;537
25;19.02.2007;0.27;537
25;13.03.2007;0.22;537
25;17.04.2007;0.32;537
25;22.05.2007;0.81;537
25;19.06.2007;0.34;537
25;10.07.2007;0.53;537
25;14.08.2007;0.91;537
25;05.09.2007;1.26;537
25;11.10.2007;0.24;537
25;13.11.2007;0.6;537
25;11.12.2007;0.91;537
25;15.01.2008;1.7;537
25;08.02.2008;0.98;537
25;12.03.2008;0.29;537
25;02.04.2008;0.32;537
25;06.05.2008;0.31;537
25;04.06.2008;1.08;537
25;02.07.2008;0.96;537
25;07.08.2008;0.25;537
25;03.09.2008;0.3;537
25;08.10.2008;0.29;537
25;14.11.2008;0.26;537
25;02.12.2008;0.36;537
25;12.01.2009;0.25;537
25;07.05.2009;0.25;537
25;10.06.2009;0.23;537
25;07.07.2009;0.21;537
25;07.10.2009;0.52;537
25;12.05.2010;0.31;537
25;08.06.2010;0.42;537
25;07.04.2011;0.4;537
25;12.05.2011;0.26;537
25;05.07.2011;0.18;537
25;02.08.2011;1.27;537
25;08.09.2011;0.19;537
25;10.10.2011;0.95;537
25;13.03.2012;1.2;537
25;06.06.2012;1.2;537
25;05.09.2012;2.08;537
25;08.10.2012;0.18;537
25;19.03.2013;0.1;537
25;11.06.2013;0.061;537
25;07.08.2013;0.29;537
25;05.11.2013;0.15;537
25;12.03.2014;0.11;537
25;11.06.2014;0.11;537
25;02.09.2014;0.22;537
25;26.11.2014;0.13;537
25;25.03.2015;0.13;537
25;09.06.2015;0.11;537
25;10.09.2015;0.23;537
25;04.11.2015;0.24;537
25;22.03.2016;0.093;537
25;05.05.2016;0.26;537
25;13.09.2016;1.8;537
25;25.10.2016;2.87;537
25;22.03.2017;0.16;537
25;16.05.2017;0.13;537
25;06.09.2017;0.24;537
25;18.10.2017;0.13;537
25;13.03.2018;2.1;537
25;06.06.2018;0.9;537
25;17.09.2018;0.19;537
25;17.10.2018;0.33;537
26;11.07.2006;0.18;569.5
26;07.08.2006;0.54;569.5
26;20.09.2006;0.33;569.5
26;23.10.2006;0.28;569.5
26;20.11.2006;0.79;569.5
26;11.12.2006;0.11;569.5
26;17.01.2007;0.36;569.5
26;19.02.2007;0.28;569.5
26;13.03.2007;0.17;569.5
26;17.04.2007;0.25;569.5
26;22.05.2007;2.6;569.5
26;19.06.2007;0.56;569.5
26;10.07.2007;0.65;569.5
26;14.08.2007;0.2;569.5
26;05.09.2007;2.02;569.5
26;11.10.2007;0.31;569.5
26;13.11.2007;0.25;569.5
26;11.12.2007;1.27;569.5
26;15.01.2008;2.9;569.5
26;08.02.2008;0.95;569.5
26;12.03.2008;0.45;569.5
26;02.04.2008;0.37;569.5
26;06.05.2008;0.41;569.5
26;04.06.2008;0.49;569.5
26;02.07.2008;0.34;569.5
26;07.08.2008;0.29;569.5
26;03.09.2008;0.34;569.5
26;08.10.2008;0.26;569.5
26;14.11.2008;0.95;569.5
26;02.12.2008;4.9;569.5
26;12.01.2009;2.1;569.5
26;11.03.2009;0.18;569.5
26;07.04.2009;0.38;569.5
26;07.05.2009;0.28;569.5
26;10.06.2009;0.25;569.5
26;07.07.2009;0.34;569.5
26;10.08.2009;0.89;569.5
26;01.09.2009;2.38;569.5
26;08.10.2009;1.16;569.5
26;03.11.2009;0.55;569.5
26;08.12.2009;0.12;569.5
26;15.01.2010;1.3;569.5
26;04.02.2010;2.42;569.5
26;16.03.2010;0.52;569.5
26;12.04.2010;0.52;569.5
26;12.05.2010;2.11;569.5
26;07.06.2010;0.42;569.5
26;08.07.2010;1.43;569.5
26;03.08.2010;1.32;569.5
26;06.09.2010;0.87;569.5
26;14.10.2010;2.01;569.5
26;15.11.2010;1.62;569.5
26;01.12.2010;1.35;569.5
26;10.01.2011;1.24;569.5
26;01.02.2011;1.4;569.5
26;11.03.2011;1.53;569.5
26;05.04.2011;1.91;569.5
26;10.05.2011;0.954;569.5
26;06.06.2011;0.62;569.5
26;04.07.2011;1.86;569.5
26;02.08.2011;1.86;569.5
26;08.09.2011;1.55;569.5
26;10.10.2011;0.98;569.5
26;08.11.2011;0.211;569.5
26;05.12.2011;1.01;569.5
26;11.01.2012;0.72;569.5
26;13.02.2012;2;569.5
26;12.03.2012;1.8;569.5
26;05.04.2012;0.2;569.5
26;15.05.2012;2.68;569.5
26;06.06.2012;2.83;569.5
26;05.07.2012;2.62;569.5
26;08.08.2012;3.67;569.5
26;04.09.2012;6.5;569.5
26;08.10.2012;0.26;569.5
26;06.11.2012;2;569.5
26;13.12.2012;0.8;569.5
26;25.01.2013;0.75;569.5
26;20.02.2013;0.85;569.5
26;19.03.2013;0.15;569.5
26;04.04.2013;0.2;569.5
26;15.05.2013;0.18;569.5
26;11.06.2013;0.082;569.5
26;09.07.2013;0.2;569.5
26;07.08.2013;3.84;569.5
26;11.09.2013;3.7;569.5
26;08.10.2013;1.68;569.5
26;05.11.2013;5.3;569.5
26;03.12.2013;0.65;569.5
26;09.01.2014;0.1;569.5
26;04.02.2014;1.2;569.5
26;12.03.2014;1.05;569.5
26;09.04.2014;1.6;569.5
26;29.04.2014;1.47;569.5
26;11.06.2014;1.07;569.5
26;08.07.2014;1.04;569.5
26;12.08.2014;0.43;569.5
26;02.09.2014;0.64;569.5
26;15.10.2014;1.18;569.5
26;26.11.2014;1;569.5
26;15.12.2014;1;569.5
26;28.01.2015;0.14;569.5
26;28.02.2015;0.48;569.5
26;25.03.2015;0.82;569.5
26;15.04.2015;0.92;569.5
26;13.05.2015;0.24;569.5
26;09.06.2015;0.23;569.5
26;09.07.2015;0.37;569.5
26;11.08.2015;0.58;569.5
26;10.09.2015;0.72;569.5
26;06.10.2015;1.1;569.5
26;04.11.2015;1.7;569.5
26;08.12.2015;0.43;569.5
26;27.01.2016;0.84;569.5
26;01.02.2016;0.89;569.5
26;22.03.2016;0.14;569.5
26;21.04.2016;0.87;569.5
26;05.05.2016;0.39;569.5
26;08.06.2016;1.76;569.5
26;05.07.2016;2.3;569.5
26;25.08.2016;0.56;569.5
26;13.09.2016;2.8;569.5
26;25.10.2016;0.16;569.5
26;22.11.2016;0.39;569.5
26;20.12.2016;1.34;569.5
26;18.01.2017;1.11;569.5
26;17.02.2017;1.43;569.5
26;22.03.2017;0.15;569.5
26;19.04.2017;0.18;569.5
26;16.05.2017;0.28;569.5
26;21.06.2017;0.26;569.5
26;06.07.2017;0.33;569.5
26;26.07.2017;0.18;569.5
26;18.08.2017;0.46;569.5
26;06.09.2017;0.21;569.5
26;18.10.2017;0.79;569.5
26;23.11.2017;0.27;569.5
26;12.12.2017;0.57;569.5
26;17.01.2018;0.27;569.5
26;13.02.2018;0.45;569.5
26;13.03.2018;1.65;569.5
26;17.04.2018;2.3;569.5
26;15.05.2018;0.28;569.5
26;06.06.2018;0.41;569.5
26;04.07.2018;0.28;569.5
26;17.09.2018;0.96;569.5
26;17.10.2018;0.69;569.5
26;14.11.2018;1.72;569.5
26;11.12.2018;1.42;569.5
27;16.02.1993;1.4;582
27;18.06.1993;0.73;582
27;05.08.1993;0.475;582
27;03.11.1993;0.625;582
27;08.02.1994;1.55;582
27;24.03.1994;0.55;582
27;28.04.1994;0.41;582
27;24.05.1994;1.01;582
27;20.06.1994;0.7;582
27;06.07.1994;0.53;582
27;11.08.1994;0.21;582
27;15.08.1994;0.89;582
27;22.08.1994;0.74;582
27;30.08.1994;1.1;582
27;05.09.1994;0.14;582
27;13.09.1994;0.6;582
27;20.09.1994;0.52;582
27;29.09.1994;3.4;582
27;05.10.1994;2.39;582
27;10.10.1994;0.5;582
27;17.10.1994;0.35;582
27;24.10.1994;0.4;582
27;21.11.1994;2;582
27;13.12.1994;0.47;582
27;25.01.1995;1;582
27;14.02.1995;0.73;582
27;01.03.1995;0.34;582
27;06.04.1995;0.29;582
27;04.05.1995;0.41;582
27;05.06.1995;0.419;582
27;10.07.1995;0.2;582
27;26.07.1995;1.54;582
27;01.08.1995;1.41;582
27;16.08.1995;1.7;582
27;05.09.1995;0.29;582
27;17.10.1995;0.45;582
27;15.11.1995;1.93;582
27;06.12.1995;0.89;582
27;17.01.1996;1.18;582
27;13.02.1996;1.18;582
27;12.03.1996;2.6;582
27;02.04.1996;2;582
27;13.05.1996;1.5;582
27;05.06.1996;0.97;582
27;02.07.1996;0.89;582
27;07.08.1996;1.1;582
27;10.09.1996;2.19;582
27;15.10.1996;0.65;582
27;12.11.1996;0.25;582
27;05.12.1996;1.4;582
27;14.01.1997;1.3;582
27;18.02.1997;0.07;582
27;20.03.1997;1.58;582
27;09.04.1997;0.9;582
27;06.05.1997;0.35;582
27;03.06.1997;0.6;582
27;02.07.1997;0.83;582
27;12.08.1997;0.39;582
27;02.09.1997;0.48;582
27;21.10.1997;1.09;582
27;04.11.1997;0.64;582
27;15.12.1997;0.64;582
27;13.01.1998;0.7;582
27;09.02.1998;0.29;582
27;26.03.1998;0.19;582
27;07.04.1998;0.47;582
27;28.05.1998;0.35;582
27;18.06.1998;0.39;582
27;28.07.1998;1.4;582
27;10.08.1998;0.25;582
27;06.10.1998;0.74;582
27;17.11.1998;0.8;582
27;22.12.1998;0.63;582
27;13.01.1999;1.21;582
27;22.02.1999;0.98;582
27;16.03.1999;1.21;582
27;19.04.1999;1.68;582
27;13.05.1999;1.28;582
27;09.06.1999;2.1;582
27;06.07.1999;0.53;582
27;02.08.1999;1.28;582
27;22.09.1999;0.17;582
27;25.10.1999;0.58;582
27;16.11.1999;1.31;582
27;15.12.1999;0.28;582
27;10.01.2000;1.3;582
27;01.02.2000;2.2;582
27;01.03.2000;0.68;582
27;04.04.2000;0.81;582
27;16.05.2000;0.27;582
27;05.06.2000;0.72;582
27;04.07.2000;0.1;582
27;01.08.2000;0.37;582
27;13.09.2000;0.16;582
27;03.10.2000;0.41;582
27;11.10.2000;0.68;582
27;14.11.2000;0.91;582
27;18.12.2000;1.41;582
27;10.01.2001;0.54;582
27;13.02.2001;0.55;582
27;11.03.2001;0.23;582
27;10.04.2001;0.82;582
27;14.05.2001;1.08;582
27;05.06.2001;1.14;582
27;03.07.2001;0.08;582
27;06.08.2001;0.21;582
27;06.09.2001;0.07;582
27;15.10.2001;0.31;582
27;15.11.2001;0.24;582
27;11.12.2001;0.12;582
27;15.01.2002;0.7;582
27;05.02.2002;0.92;582
27;13.03.2002;0.33;582
27;09.04.2002;0.01;582
27;14.05.2002;0.2;582
27;06.06.2002;0.2;582
27;16.07.2002;0.22;582
27;13.08.2002;0.82;582
27;11.09.2002;0.28;582
27;01.10.2002;0.25;582
27;13.11.2002;0.5;582
27;05.12.2002;0.51;582
27;22.01.2003;0.38;582
27;20.02.2003;0.44;582
27;25.03.2003;0.93;582
27;16.04.2003;0.14;582
27;13.05.2003;0.1;582
27;12.06.2003;0.29;582
27;03.07.2003;0.2;582
27;04.08.2003;0.12;582
27;03.09.2003;0.24;582
27;02.10.2003;0.48;582
27;11.11.2003;0.09;582
27;09.12.2003;0.17;582
27;13.01.2004;0.18;582
27;10.02.2004;0.82;582
27;10.03.2004;0.36;582
27;15.04.2004;0.08;582
27;13.05.2004;0.3;582
27;08.06.2004;0.41;582
27;07.07.2004;0.29;582
27;30.08.2004;0.16;582
27;09.09.2004;0.69;582
27;14.10.2004;0.3;582
27;09.11.2004;0.11;582
27;07.12.2004;0.91;582
27;26.01.2005;0.24;582
27;22.02.2005;0.3;582
27;17.03.2005;1.53;582
27;05.04.2005;0.73;582
27;12.05.2005;2.68;582
27;09.06.2005;0.69;582
27;04.07.2005;0.5;582
27;25.08.2005;0.54;582
27;27.09.2005;0.86;582
27;24.10.2005;0.35;582
27;28.11.2005;0.61;582
27;13.12.2005;0.22;582
27;17.01.2006;0.37;582
27;13.02.2006;0.7;582
27;20.03.2006;0.91;582
27;11.04.2006;0.96;582
27;16.05.2006;0.72;582
27;06.06.2006;0.19;582
27;11.07.2006;0.13;582
27;07.08.2006;0.32;582
27;20.09.2006;0.38;582
27;23.10.2006;0.5;582
27;20.11.2006;0.017;582
27;11.12.2006;0.08;582
27;17.01.2007;0.19;582
27;19.02.2007;0.36;582
27;13.03.2007;0.11;582
27;17.04.2007;0.24;582
27;22.05.2007;0.54;582
27;19.06.2007;0.32;582
27;10.07.2007;0.35;582
27;14.08.2007;0.86;582
27;05.09.2007;0.42;582
27;11.10.2007;0.21;582
27;13.11.2007;0.26;582
27;11.12.2007;0.96;582
27;15.01.2008;1.04;582
27;08.02.2008;0.84;582
27;12.03.2008;0.28;582
27;02.04.2008;0.17;582
27;06.05.2008;0.34;582
27;04.06.2008;0.34;582
27;02.07.2008;0.34;582
27;07.08.2008;0.35;582
27;03.09.2008;0.36;582
27;08.10.2008;0.32;582
27;14.11.2008;0.25;582
27;02.12.2008;0.36;582
27;12.01.2009;0.86;582
27;03.02.2009;0.49;582
27;11.03.2009;0.19;582
27;07.04.2009;0.2;582
27;07.05.2009;0.27;582
27;10.06.2009;0.22;582
27;07.07.2009;0.31;582
27;10.08.2009;0.42;582
27;01.09.2009;0.36;582
27;08.10.2009;0.41;582
27;03.11.2009;0.28;582
27;08.12.2009;0.13;582
27;15.01.2010;0.3;582
27;04.02.2010;1.09;582
27;16.03.2010;0.43;582
27;12.04.2010;0.22;582
27;12.05.2010;0.28;582
27;08.06.2010;0.4;582
27;13.07.2010;0.48;582
27;03.08.2010;0.48;582
27;06.09.2010;0.33;582
27;14.10.2010;0.5;582
27;16.11.2010;0.24;582
27;01.12.2010;0.66;582
27;11.01.2011;0.6;582
27;01.02.2011;0.97;582
27;11.03.2011;1.22;582
27;05.04.2011;0.08;582
27;11.05.2011;0.096;582
27;06.06.2011;0.24;582
27;04.07.2011;0.28;582
27;02.08.2011;0.31;582
27;08.09.2011;0.21;582
27;10.10.2011;0.57;582
27;08.11.2011;0.53;582
27;10.11.2011;0.053;582
27;05.12.2011;0.51;582
27;11.01.2012;0.25;582
27;14.02.2012;1.3;582
27;12.03.2012;1.4;582
27;05.04.2012;0.19;582
27;15.05.2012;0.17;582
27;06.06.2012;0.16;582
27;04.07.2012;0.19;582
27;08.08.2012;0.7;582
27;04.09.2012;0.57;582
27;08.10.2012;0.1;582
27;06.11.2012;0.34;582
27;13.12.2012;0.3;582
27;25.01.2013;0.27;582
27;20.02.2013;1.09;582
27;19.03.2013;0.1;582
27;04.04.2013;0.11;582
27;15.05.2013;0.12;582
27;11.06.2013;0.076;582
27;09.07.2013;0.091;582
27;07.08.2013;0.19;582
27;11.09.2013;0.16;582
27;08.10.2013;0.16;582
27;05.11.2013;0.14;582
27;03.12.2013;0.2;582
27;09.01.2014;0.1;582
27;04.02.2014;0.16;582
27;12.03.2014;0.1;582
27;09.04.2014;0.12;582
27;29.04.2014;0.14;582
27;11.06.2014;0.09;582
27;08.07.2014;0.04;582
27;12.08.2014;0.2;582
27;02.09.2014;0.19;582
27;15.10.2014;0.29;582
27;26.11.2014;0.14;582
27;15.12.2014;0.13;582
27;28.01.2015;0.16;582
27;27.02.2015;0.17;582
27;25.03.2015;0.15;582
27;15.04.2015;0.16;582
27;13.05.2015;0.15;582
27;09.06.2015;0.09;582
27;09.07.2015;0.07;582
27;11.08.2015;0.38;582
27;10.09.2015;0.2;582
27;06.10.2015;0.27;582
27;04.11.2015;0.18;582
27;08.12.2015;0.18;582
27;27.01.2016;0.7;582
27;01.02.2016;0.71;582
27;22.03.2016;0.1;582
27;21.04.2016;0.27;582
27;05.05.2016;0.29;582
27;08.06.2016;0.28;582
27;05.07.2016;0.24;582
27;25.08.2016;0.15;582
27;13.09.2016;0.18;582
27;25.10.2016;0.17;582
27;22.11.2016;0.25;582
27;20.12.2016;1.46;582
27;18.01.2017;1.42;582
27;17.02.2017;1.62;582
27;22.03.2017;0.15;582
27;19.04.2017;0.16;582
27;16.05.2017;0.15;582
27;21.06.2017;0.22;582
27;06.07.2017;0.17;582
27;26.07.2017;0.31;582
27;18.08.2017;0.32;582
27;06.09.2017;0.24;582
27;18.10.2017;0.16;582
27;23.11.2017;0.28;582
27;12.12.2017;0.29;582
27;17.01.2018;0.21;582
27;13.02.2018;0.81;582
27;13.03.2018;1.65;582
27;17.04.2018;0.37;582
27;15.05.2018;0.64;582
27;06.06.2018;0.12;582
27;04.07.2018;0.23;582
27;21.08.2018;0.39;582
27;17.09.2018;0.25;582
27;17.10.2018;0.29;582
27;14.11.2018;0.33;582
27;11.12.2018;0.62;582
27;23.01.2019;0.44;582
27;19.02.2019;1.5;582
27;21.03.2019;0.52;582
27;16.04.2019;0.17;582
27;20.05.2019;0.28;582
27;12.06.2019;0.3;582
27;10.07.2019;0.36;582
27;07.08.2019;0.43;582
27;11.09.2019;0.25;582
27;23.10.2019;0.38;582
28;22.02.1993;0.06;607
28;29.04.1993;0.068;607
28;05.08.1993;0.577;607
28;23.11.1993;0.75;607
28;23.02.1994;1.25;607
28;16.03.1994;1.5;607
28;13.04.1994;0.43;607
28;04.05.1994;0.99;607
28;20.06.1994;0.8;607
28;06.07.1994;0.39;607
28;11.08.1994;0.38;607
28;13.09.1994;0.6;607
28;29.09.1994;2.2;607
28;05.10.1994;2.21;607
28;21.11.1994;1;607
28;13.12.1994;0.63;607
28;25.01.1995;1.06;607
28;14.02.1995;0.6;607
28;01.03.1995;0.34;607
28;06.04.1995;0.32;607
28;04.05.1995;0.39;607
28;05.06.1995;0.354;607
28;20.06.1995;0.35;607
28;10.07.1995;0.23;607
28;26.07.1995;0.74;607
28;01.08.1995;1.29;607
28;16.08.1995;1.87;607
28;05.09.1995;0.43;607
28;17.10.1995;0.58;607
28;15.11.1995;1.67;607
28;06.12.1995;1.12;607
28;17.01.1996;1.72;607
28;13.02.1996;1.26;607
28;12.03.1996;3;607
28;02.04.1996;2;607
28;13.05.1996;1.8;607
28;05.06.1996;0.84;607
28;02.07.1996;0.92;607
28;07.08.1996;0.97;607
28;10.09.1996;2.06;607
28;15.10.1996;0.91;607
28;12.11.1996;0.29;607
28;05.12.1996;1.3;607
28;14.01.1997;1.1;607
28;18.02.1997;0.96;607
28;12.03.1997;0.87;607
28;09.04.1997;0.83;607
28;06.05.1997;0.32;607
28;03.06.1997;0.8;607
28;02.07.1997;0.93;607
28;12.08.1997;0.35;607
28;02.09.1997;0.52;607
28;21.10.1997;1.09;607
28;04.11.1997;0.64;607
28;15.12.1997;0.58;607
28;13.01.1998;0.7;607
28;09.02.1998;0.22;607
28;24.03.1998;0.32;607
28;07.04.1998;0.54;607
28;21.05.1998;0.72;607
28;18.06.1998;0.35;607
28;28.07.1998;1.2;607
28;10.08.1998;0.41;607
28;06.10.1998;0.6;607
28;17.11.1998;0.77;607
28;22.12.1998;1.33;607
28;13.01.1999;1.21;607
28;22.02.1999;1;607
28;16.03.1999;1;607
28;19.04.1999;1.72;607
28;12.05.1999;2.19;607
28;09.06.1999;2.22;607
28;06.07.1999;0.8;607
28;02.08.1999;1.34;607
28;22.09.1999;0.3;607
28;25.10.1999;0.58;607
28;16.11.1999;1.3;607
28;15.12.1999;0.57;607
28;10.01.2000;1.1;607
28;01.02.2000;2.2;607
28;01.03.2000;0.87;607
28;04.04.2000;1.22;607
28;16.05.2000;0.34;607
28;05.06.2000;0.65;607
28;04.07.2000;0.07;607
28;01.08.2000;0.25;607
28;13.09.2000;0.25;607
28;05.10.2000;0.55;607
28;14.11.2000;0.79;607
28;18.12.2000;1.02;607
28;10.01.2001;0.51;607
28;13.02.2001;0.9;607
28;11.03.2001;0.29;607
28;10.04.2001;0.77;607
28;14.05.2001;0.9;607
28;05.06.2001;1.04;607
28;03.07.2001;0.11;607
28;06.08.2001;0.16;607
28;06.09.2001;0;607
28;16.10.2001;0.07;607
28;15.11.2001;3.5;607
28;11.12.2001;0.27;607
28;15.01.2002;0.8;607
28;05.02.2002;0.96;607
28;13.03.2002;0.55;607
28;09.04.2002;0.08;607
28;14.05.2002;0.29;607
28;06.06.2002;0.17;607
28;16.07.2002;0.29;607
28;13.08.2002;0.81;607
28;11.09.2002;0.23;607
28;01.10.2002;0.13;607
28;13.11.2002;0.39;607
28;05.12.2002;0.47;607
28;22.01.2003;0.32;607
28;20.02.2003;0.34;607
28;25.03.2003;0.99;607
28;16.04.2003;0.58;607
28;13.05.2003;0.2;607
28;12.06.2003;0.5;607
28;03.07.2003;0.22;607
28;04.08.2003;0.09;607
28;03.09.2003;0.21;607
28;02.10.2003;0.51;607
28;11.11.2003;;607
28;09.12.2003;0.15;607
28;13.01.2004;0.13;607
28;10.02.2004;1.06;607
28;10.03.2004;0.29;607
28;15.04.2004;0.09;607
28;13.05.2004;0.29;607
28;08.06.2004;0.46;607
28;07.07.2004;0.26;607
28;30.08.2004;0.08;607
28;09.09.2004;0.58;607
28;14.10.2004;0.25;607
28;09.11.2004;0.14;607
28;07.12.2004;0.77;607
28;26.01.2005;0.25;607
28;22.02.2005;0.23;607
28;17.03.2005;1.63;607
28;05.04.2005;0.92;607
28;12.05.2005;2.6;607
28;09.06.2005;0.7;607
28;04.07.2005;0.47;607
28;25.08.2005;0.59;607
28;27.09.2005;0.7;607
28;24.10.2005;0.41;607
28;28.11.2005;0.49;607
28;13.12.2005;0.2;607
28;17.01.2006;0.45;607
28;13.02.2006;0.9;607
28;20.03.2006;1.12;607
28;11.04.2006;1.02;607
28;16.05.2006;0.76;607
28;06.06.2006;0.18;607
28;11.07.2006;0.17;607
28;07.08.2006;0.38;607
28;20.09.2006;0.27;607
28;23.10.2006;0.4;607
28;20.11.2006;0.17;607
28;11.12.2006;0.07;607
28;17.01.2007;0.14;607
28;19.02.2007;0.36;607
28;13.03.2007;0.16;607
28;17.04.2007;0.23;607
28;22.05.2007;1.09;607
28;19.06.2007;0.24;607
28;10.07.2007;0.37;607
28;14.08.2007;0.99;607
28;05.09.2007;0.35;607
28;11.10.2007;0.22;607
28;13.11.2007;0.31;607
28;11.12.2007;0.81;607
28;15.01.2008;0.5;607
28;08.02.2008;0.87;607
28;12.03.2008;0.24;607
28;02.04.2008;0.33;607
28;06.05.2008;0.5;607
28;04.06.2008;0.41;607
28;02.07.2008;0.44;607
28;07.08.2008;0.29;607
28;03.09.2008;0.31;607
28;08.10.2008;0.29;607
28;14.11.2008;0.19;607
28;02.12.2008;0.41;607
28;12.01.2009;0.36;607
28;03.02.2009;0.18;607
28;11.03.2009;0.24;607
28;07.04.2009;0.23;607
28;07.05.2009;0.24;607
28;10.06.2009;0.27;607
28;07.07.2009;0.26;607
28;10.08.2009;0.41;607
28;01.09.2009;0.18;607
28;08.10.2009;0.39;607
28;03.11.2009;0.27;607
28;08.12.2009;0.12;607
28;19.01.2010;0.09;607
28;04.02.2010;1.02;607
28;16.03.2010;0.57;607
28;12.04.2010;0.2;607
28;12.05.2010;0.23;607
28;08.06.2010;0.34;607
28;13.07.2010;0.45;607
28;03.08.2010;0.66;607
28;06.09.2010;0.49;607
28;14.10.2010;0.46;607
28;16.11.2010;0.209;607
28;07.12.2010;0.35;607
28;11.01.2011;0.28;607
28;08.02.2011;0.72;607
28;11.03.2011;1.24;607
28;05.04.2011;0.08;607
28;11.05.2011;0.05;607
28;06.06.2011;0.2;607
28;05.07.2011;0.35;607
28;02.08.2011;0.35;607
28;08.09.2011;0.24;607
28;10.10.2011;0.34;607
28;08.11.2011;0.108;607
28;05.12.2011;0.31;607
28;08.12.2011;;607
28;11.01.2012;0.33;607
28;14.02.2012;1.3;607
28;13.03.2012;1.3;607
28;05.04.2012;0.13;607
28;15.05.2012;0.15;607
28;06.06.2012;0.15;607
28;04.07.2012;0.15;607
28;08.08.2012;0.43;607
28;04.09.2012;0.34;607
28;08.10.2012;0.13;607
28;06.11.2012;0.3;607
28;13.12.2012;0.29;607
28;25.01.2013;0.31;607
28;20.02.2013;0.76;607
28;19.03.2013;0.29;607
28;04.04.2013;0.12;607
28;15.05.2013;0.14;607
28;11.06.2013;0.053;607
28;09.07.2013;0.085;607
28;07.08.2013;0.23;607
28;11.09.2013;0.19;607
28;08.10.2013;0.2;607
28;05.11.2013;0.15;607
28;03.12.2013;0.23;607
28;09.01.2014;0.1;607
28;04.02.2014;0.08;607
28;06.03.2014;0.12;607
28;09.04.2014;0.14;607
28;29.04.2014;0.13;607
28;05.06.2014;0.14;607
28;08.07.2014;0.04;607
28;12.08.2014;0.22;607
28;02.09.2014;0.25;607
28;15.10.2014;0.22;607
28;26.11.2014;0.15;607
28;15.12.2014;0.14;607
28;28.01.2015;0.12;607
28;27.02.2015;0.21;607
28;10.03.2015;0.24;607
28;15.04.2015;0.2;607
28;13.05.2015;0.14;607
28;09.06.2015;0.14;607
28;09.07.2015;0.06;607
28;11.08.2015;0.35;607
28;10.09.2015;0.24;607
28;06.10.2015;0.2;607
28;04.11.2015;0.21;607
28;08.12.2015;0.17;607
28;27.01.2016;0.69;607
28;01.02.2016;0.73;607
28;22.03.2016;0.082;607
28;21.04.2016;0.26;607
28;05.05.2016;0.24;607
28;08.06.2016;0.26;607
28;05.07.2016;0.19;607
28;25.08.2016;0.17;607
28;13.09.2016;0.17;607
28;25.10.2016;0.14;607
28;22.11.2016;0.46;607
28;20.12.2016;1.23;607
28;18.01.2017;1.59;607
28;17.02.2017;1.48;607
28;22.03.2017;0.16;607
28;19.04.2017;0.17;607
28;16.05.2017;0.18;607
28;21.06.2017;0.21;607
28;06.07.2017;0.22;607
28;26.07.2017;0.33;607
28;18.08.2017;0.3;607
28;06.09.2017;0.28;607
28;18.10.2017;0.13;607
28;23.11.2017;0.022;607
28;12.12.2017;0.24;607
28;17.01.2018;0.221;607
28;13.02.2018;1.17;607
28;13.03.2018;1.49;607
28;17.04.2018;0.4;607
28;15.05.2018;0.52;607
28;06.06.2018;0.16;607
28;04.07.2018;0.22;607
28;21.08.2018;0.37;607
28;17.09.2018;0.25;607
28;17.10.2018;0.25;607
28;14.11.2018;0.29;607
28;11.01.2019;0.6;607
28;23.01.2019;0.38;607
28;19.02.2019;2.4;607
28;21.03.2019;0.31;607
28;16.04.2019;0.19;607
28;20.05.2019;0.36;607
28;12.06.2019;0.37;607
28;10.07.2019;0.37;607
28;07.08.2019;0.35;607
28;11.09.2019;0.26;607
28;23.10.2019;0.41;607
29;22.02.1993;0.06;652
29;17.06.1993;0.36;652
29;16.09.1993;0.53;652
29;23.11.1993;0.61;652
29;28.01.1994;1.08;652
29;23.02.1994;1.08;652
29;16.03.1994;0.87;652
29;13.04.1994;0.45;652
29;04.05.1994;1;652
29;20.06.1994;0.7;652
29;06.07.1994;0.65;652
29;11.08.1994;0.55;652
29;15.08.1994;1.2;652
29;22.08.1994;1.2;652
29;30.08.1994;1.6;652
29;05.09.1994;1.1;652
29;13.09.1994;0.9;652
29;20.09.1994;1.2;652
29;29.09.1994;2.4;652
29;05.10.1994;2.21;652
29;10.10.1994;1;652
29;17.10.1994;0.54;652
29;24.10.1994;0.54;652
29;21.11.1994;1.53;652
29;13.12.1994;0.6;652
29;25.01.1995;1.13;652
29;14.02.1995;0.6;652
29;01.03.1995;0.26;652
29;06.04.1995;0.41;652
29;04.05.1995;0.41;652
29;05.06.1995;2;652
29;21.06.1995;1.29;652
29;10.07.1995;0.35;652
29;26.07.1995;0.91;652
29;01.08.1995;1.74;652
29;16.08.1995;1.7;652
29;05.09.1995;0.41;652
29;17.10.1995;0.16;652
29;15.11.1995;1.35;652
29;06.12.1995;0.72;652
29;17.01.1996;1.07;652
29;13.02.1996;1.29;652
29;12.03.1996;2.6;652
29;02.04.1996;2.3;652
29;13.05.1996;2.2;652
29;05.06.1996;1.1;652
29;02.07.1996;0.92;652
29;07.08.1996;0.88;652
29;10.09.1996;2.06;652
29;15.10.1996;0.64;652
29;12.11.1996;0.35;652
29;05.12.1996;1.1;652
29;14.01.1997;0.7;652
29;18.02.1997;0.89;652
29;12.03.1997;1.58;652
29;09.04.1997;0.95;652
29;06.05.1997;0.12;652
29;03.06.1997;0.6;652
29;02.07.1997;1.12;652
29;12.08.1997;0.48;652
29;02.09.1997;0.46;652
29;21.10.1997;0.96;652
29;04.11.1997;0.9;652
29;15.12.1997;0.81;652
29;13.01.1998;0.8;652
29;09.02.1998;0.35;652
29;24.03.1998;0.54;652
29;07.04.1998;0.57;652
29;20.05.1998;0.86;652
29;18.06.1998;0.32;652
29;28.07.1998;1;652
29;10.08.1998;0.47;652
29;06.10.1998;0.8;652
29;19.11.1998;0.74;652
29;21.12.1998;1.75;652
29;11.01.1999;2.36;652
29;22.02.1999;0.99;652
29;16.03.1999;1.35;652
29;19.04.1999;1.68;652
29;12.05.1999;3.03;652
29;09.06.1999;2;652
29;06.07.1999;1.75;652
29;02.08.1999;0.74;652
29;22.09.1999;0.03;652
29;25.10.1999;0.64;652
29;16.11.1999;1.2;652
29;15.12.1999;0.24;652
29;10.01.2000;1.2;652
29;01.02.2000;2.4;652
29;01.03.2000;0.54;652
29;04.04.2000;0.51;652
29;16.05.2000;0.37;652
29;05.06.2000;0.48;652
29;04.07.2000;0.14;652
29;01.08.2000;0.14;652
29;13.09.2000;0.22;652
29;05.10.2000;0.41;652
29;14.11.2000;0.66;652
29;18.12.2000;1.58;652
29;10.01.2001;0.45;652
29;13.02.2001;0.99;652
29;11.03.2001;0.23;652
29;10.04.2001;0.75;652
29;14.05.2001;0.7;652
29;05.06.2001;1.46;652
29;03.07.2001;0.15;652
29;06.08.2001;0.24;652
29;06.09.2001;0;652
29;15.10.2001;0;652
29;15.11.2001;0.18;652
29;11.12.2001;0.23;652
29;15.01.2002;0.9;652
29;05.02.2002;0.8;652
29;11.03.2002;0.26;652
29;09.04.2002;0.13;652
29;14.05.2002;0.27;652
29;06.06.2002;0.16;652
29;16.07.2002;0.37;652
29;13.08.2002;0.55;652
29;11.09.2002;0.21;652
29;01.10.2002;0.17;652
29;13.11.2002;0.35;652
29;05.12.2002;0.52;652
29;20.02.2003;0.32;652
29;25.03.2003;1.2;652
29;16.04.2003;0.13;652
29;13.05.2003;0.14;652
29;12.06.2003;0.28;652
29;03.07.2003;0.27;652
29;04.08.2003;0.08;652
29;03.09.2003;0.15;652
29;02.10.2003;0.56;652
29;11.11.2003;0.09;652
29;09.12.2003;0.12;652
29;13.01.2004;0.16;652
29;10.02.2004;1.33;652
29;10.03.2004;1.05;652
29;15.04.2004;0.07;652
29;13.05.2004;0.29;652
29;08.06.2004;0.55;652
29;07.07.2004;0.62;652
29;30.08.2004;0.24;652
29;09.09.2004;0.78;652
29;14.10.2004;0.37;652
29;09.11.2004;0.09;652
29;07.12.2004;0.87;652
29;26.01.2005;0.25;652
29;22.02.2005;0.25;652
29;17.03.2005;1.43;652
29;05.04.2005;0.42;652
29;12.05.2005;0.69;652
29;09.06.2005;0.83;652
29;04.07.2005;0.38;652
29;25.08.2005;0.56;652
29;27.09.2005;0.82;652
29;24.10.2005;0.38;652
29;28.11.2005;0.4;652
29;13.12.2005;0.41;652
29;17.01.2006;0.47;652
29;13.02.2006;1.1;652
29;20.03.2006;1.71;652
29;11.04.2006;1.17;652
29;16.05.2006;0.98;652
29;06.06.2006;0.15;652
29;11.07.2006;0.15;652
29;07.08.2006;0.24;652
29;20.09.2006;0.26;652
29;23.10.2006;0.52;652
29;20.11.2006;0.09;652
29;11.12.2006;0.07;652
29;17.01.2007;0.34;652
29;19.02.2007;0.24;652
29;13.03.2007;0.13;652
29;17.04.2007;0.28;652
29;22.05.2007;1.04;652
29;19.06.2007;0.26;652
29;10.07.2007;0.36;652
29;14.08.2007;0.82;652
29;05.09.2007;0.41;652
29;11.10.2007;0.29;652
29;13.11.2007;0.31;652
29;11.12.2007;0.85;652
29;15.01.2008;0.2;652
29;08.02.2008;0.92;652
29;12.03.2008;0.22;652
29;02.04.2008;0.16;652
29;06.05.2008;0.72;652
29;04.06.2008;0.2;652
29;02.07.2008;0.38;652
29;07.08.2008;0.23;652
29;03.09.2008;0.28;652
29;08.10.2008;0.27;652
29;14.11.2008;0.18;652
29;02.12.2008;0.53;652
29;12.01.2009;0.88;652
29;03.02.2009;0.28;652
29;11.03.2009;0.2;652
29;07.04.2009;0.17;652
29;07.05.2009;0.24;652
29;10.06.2009;0.23;652
29;07.07.2009;0.025;652
29;10.08.2009;0.48;652
29;01.09.2009;0.05;652
29;08.10.2009;0.35;652
29;03.11.2009;0.44;652
29;08.12.2009;0.11;652
29;19.01.2010;0.91;652
29;04.02.2010;1.3;652
29;16.03.2010;0.9;652
29;12.04.2010;0.19;652
29;12.05.2010;0.25;652
29;08.06.2010;0.43;652
29;13.07.2010;0.44;652
29;03.08.2010;0.61;652
29;06.09.2010;0.314;652
29;14.10.2010;0.023;652
29;16.11.2010;0.031;652
29;07.12.2010;0.66;652
29;11.01.2011;0.71;652
29;08.02.2011;0.7;652
29;11.03.2011;1.29;652
29;05.07.2011;1.75;652
29;02.08.2011;0.66;652
29;08.09.2011;0.22;652
29;10.10.2011;0.042;652
29;08.11.2011;0.05;652
29;05.12.2011;0.04;652
29;11.01.2012;0.21;652
29;14.02.2012;2.2;652
29;12.03.2012;1.8;652
29;05.04.2012;0.15;652
29;15.05.2012;0.15;652
29;06.06.2012;0.16;652
29;04.07.2012;0.16;652
29;08.08.2012;0.23;652
29;04.09.2012;0.69;652
29;08.10.2012;0.09;652
29;06.11.2012;0.24;652
29;13.12.2012;0.22;652
29;25.01.2013;1.92;652
29;20.02.2013;1;652
29;19.03.2013;0.32;652
29;04.04.2013;0.07;652
29;15.05.2013;0.09;652
29;11.06.2013;0.05;652
29;09.07.2013;0.11;652
29;07.08.2013;0.24;652
29;11.09.2013;0.2;652
29;08.10.2013;0.21;652
29;06.11.2013;0.15;652
29;03.12.2013;0.27;652
29;09.01.2014;0.12;652
29;04.02.2014;0.22;652
29;06.03.2014;0.26;652
29;09.04.2014;0.1;652
29;29.04.2014;0.11;652
29;11.06.2014;0.28;652
29;08.07.2014;0.02;652
29;12.08.2014;0.11;652
29;02.09.2014;0.18;652
29;15.10.2014;0.21;652
29;26.11.2014;0.15;652
29;15.12.2014;0.14;652
29;28.01.2015;0.13;652
29;27.02.2015;0.18;652
29;10.03.2015;0.31;652
29;15.04.2015;0.18;652
29;13.05.2015;0.12;652
29;09.06.2015;0.18;652
29;09.07.2015;0.08;652
29;11.08.2015;0.32;652
29;10.09.2015;0.18;652
29;06.10.2015;0.19;652
29;04.11.2015;0.15;652
29;08.12.2015;0.23;652
29;27.01.2016;1.04;652
29;01.02.2016;1.2;652
29;22.03.2016;0.11;652
29;21.04.2016;0.22;652
29;05.05.2016;0.14;652
29;08.06.2016;0.16;652
29;05.07.2016;0.22;652
29;25.08.2016;0.13;652
29;13.09.2016;0.14;652
29;25.10.2016;0.2;652
29;22.11.2016;0.67;652
29;20.12.2016;1.36;652
29;18.01.2017;1.83;652
29;17.02.2017;1.99;652
29;22.03.2017;0.13;652
29;19.04.2017;0.19;652
29;16.05.2017;0.2;652
29;21.06.2017;0.13;652
29;06.07.2017;0.16;652
29;26.07.2017;0.29;652
29;18.08.2017;0.3;652
29;06.09.2017;0.2;652
29;18.10.2017;0.44;652
29;23.11.2017;0.23;652
29;12.12.2017;0.23;652
29;17.01.2018;0.207;652
29;13.02.2018;1.84;652
29;13.03.2018;2.6;652
29;17.04.2018;0.35;652
29;15.05.2018;0.86;652
29;06.06.2018;0.15;652
29;04.07.2018;0.21;652
29;21.08.2018;0.26;652
29;17.09.2018;0.19;652
29;17.10.2018;0.22;652
29;14.11.2018;0.22;652
29;11.12.2018;0.47;652
29;23.01.2019;1.9;652
29;19.02.2019;3.6;652
29;21.03.2019;0.5;652
29;16.04.2019;0.26;652
29;20.05.2019;0.42;652
29;12.06.2019;0.5;652
29;10.07.2019;0.33;652
29;07.08.2019;0.3;652
29;11.09.2019;0.21;652
29;23.10.2019;0.32;652
30;08.02.1993;0.3;692
30;08.04.1993;1.2;692
30;06.07.1993;0.9;692
30;09.11.1993;1.4;692
30;27.01.1994;0.72;692
30;07.06.1994;0.6;692
30;08.07.1994;0.94;692
30;09.11.1994;0.1;692
30;06.03.1995;0.65;692
30;08.06.1995;1.29;692
30;07.09.1995;0.62;692
30;10.10.1995;0.68;692
30;29.03.1996;1.09;692
30;14.05.1996;0.78;692
30;06.08.1996;0.69;692
30;11.10.1996;0.21;692
30;04.03.1997;0.07;692
30;14.05.1997;0.18;692
30;23.09.1997;0.3;692
30;09.12.1997;0.15;692
30;12.02.1998;0.03;692
30;16.04.1998;0.11;692
30;11.09.1998;0.21;692
30;14.12.1998;0.63;692
30;10.03.1999;0.79;692
30;15.06.1999;0.15;692
30;06.07.1999;0.47;692
30;28.10.1999;0.17;692
30;23.03.2000;0.53;692
30;28.06.2000;0.5;692
30;16.08.2000;0.75;692
30;07.11.2000;0.07;692
30;14.02.2001;0.4;692
30;16.06.2001;0.4;692
30;09.07.2001;0.22;692
30;01.11.2001;0.3;692
30;05.02.2002;1.8;692
30;12.05.2002;0.2;692
30;12.06.2002;0.018;692
30;18.09.2002;1.43;692
30;18.12.2002;0.17;692
30;28.02.2003;4;692
30;11.06.2003;1.5;692
30;18.09.2003;0.73;692
30;19.12.2003;1.1;692
30;04.03.2004;0.52;692
30;13.05.2004;1.09;692
30;27.09.2004;1.38;692
30;29.12.2004;0.23;692
30;02.03.2005;1.69;692
30;15.06.2005;0.77;692
30;23.09.2005;0.38;692
30;01.11.2005;0.48;692
30;03.03.2006;1.04;692
30;02.06.2006;0.43;692
30;21.09.2006;4.28;692
30;12.12.2006;0.38;692
30;14.03.2007;0.11;692
30;05.06.2007;0.93;692
30;25.09.2007;0.073;692
30;13.12.2007;1.15;692
30;04.03.2008;0.12;692
30;14.05.2008;1.09;692
30;23.09.2008;0.059;692
30;21.11.2008;0.25;692
30;30.06.2010;4.14;692
30;27.09.2010;0.36;692
30;05.11.2010;0.006;692
30;17.02.2011;0.51;692
30;24.05.2011;0.714;692
30;03.08.2011;0.55;692
30;15.11.2011;1.37;692
30;24.02.2012;0.84;692
30;07.05.2012;0.61;692
30;20.08.2012;0.81;692
30;02.11.2012;1.48;692
30;27.03.2013;0.33;692
30;21.05.2013;1.3;692
30;25.07.2013;0.9;692
30;14.11.2013;1.35;692
30;08.02.2014;0.72;692
30;07.05.2014;1.03;692
30;28.08.2014;0.58;692
30;13.11.2014;0.45;692
30;14.02.2015;1.46;692
30;18.06.2015;0.37;692
30;27.08.2015;0.56;692
30;23.10.2015;0.435;692
30;18.02.2016;1.88;692
30;16.05.2016;2.74;692
30;25.08.2016;2.9;692
30;20.10.2016;0.68;692
30;15.03.2017;10.3;692
30;25.05.2017;0.61;692
30;27.07.2017;0.14;692
30;08.08.2017;0.43;692
30;08.11.2017;2.85;692
30;29.01.2018;1.43;692
30;22.02.2018;0.305;692
30;27.03.2018;3.43;692
30;17.04.2018;0.285;692
30;23.05.2018;0.698;692
30;14.06.2018;0.567;692
30;18.07.2018;0.2;692
30;16.08.2018;0.714;692
30;19.09.2018;0.715;692
30;03.10.2018;0.266;692
30;21.11.2018;0.371;692
30;12.12.2018;1.483;692
31;22.01.1993;1.4;711
31;07.04.1993;1.6;711
31;06.07.1993;1;711
31;09.11.1993;0.7;711
31;27.01.1994;2.18;711
31;07.06.1994;0.9;711
31;07.07.1994;0.84;711
31;09.11.1994;0.3;711
31;06.03.1995;1.28;711
31;08.06.1995;0.55;711
31;07.09.1995;2.8;711
31;10.10.1995;0.53;711
31;29.03.1996;3.75;711
31;14.05.1996;1.31;711
31;06.08.1996;1;711
31;11.10.1996;0.28;711
31;04.03.1997;0.08;711
31;14.05.1997;0.4;711
31;23.09.1997;0.12;711
31;09.12.1997;0.59;711
31;12.02.1998;0.87;711
31;16.04.1998;0.41;711
31;11.09.1998;1.87;711
31;14.12.1998;0.27;711
31;10.03.1999;0.29;711
31;15.06.1999;0.03;711
31;06.07.1999;0.53;711
31;27.10.1999;0.11;711
31;22.03.2000;0.08;711
31;27.06.2000;0.37;711
31;16.08.2000;1.03;711
31;06.11.2000;0.02;711
31;13.02.2001;1;711
31;16.06.2001;1;711
31;09.07.2001;0.018;711
31;01.11.2001;0.5;711
31;05.02.2002;1.8;711
31;12.05.2002;0.5;711
31;12.06.2002;0.012;711
31;18.09.2002;1.68;711
31;18.12.2002;4.5;711
31;28.03.2003;0.28;711
31;11.06.2003;1.8;711
31;29.09.2003;1.32;711
31;29.12.2003;1.8;711
31;04.03.2004;2.88;711
31;13.05.2004;3.88;711
31;27.09.2004;3.27;711
31;29.12.2004;3.94;711
31;02.03.2005;3.66;711
31;15.06.2005;0.81;711
31;15.09.2005;1.31;711
31;01.11.2005;0.47;711
31;03.03.2006;4.16;711
31;02.06.2006;3.24;711
31;21.09.2006;4.15;711
31;12.12.2006;5.29;711
31;14.03.2007;2.53;711
31;05.06.2007;5.55;711
31;25.09.2007;3.91;711
31;13.12.2007;2.79;711
31;04.03.2008;2.57;711
31;14.05.2008;2.42;711
31;23.09.2008;0.58;711
31;21.11.2008;0.46;711
31;30.06.2010;3.8;711
31;27.09.2010;2.46;711
31;05.11.2010;0.39;711
31;17.02.2011;3.39;711
31;24.05.2011;7.85;711
31;03.08.2011;10.4;711
31;15.11.2011;3.98;711
31;24.02.2012;8.05;711
31;07.05.2012;9.33;711
31;20.08.2012;7.78;711
31;02.11.2012;9.2;711
31;27.03.2013;1.03;711
31;21.05.2013;3.98;711
31;25.07.2013;2.06;711
31;14.11.2013;2.3;711
31;08.02.2014;2.28;711
31;07.05.2014;5.17;711
31;28.08.2014;5.42;711
31;13.11.2014;2.1;711
31;14.02.2015;4.39;711
31;18.06.2015;4.27;711
31;27.08.2015;5.56;711
31;23.10.2015;5.86;711
31;18.02.2016;4.91;711
31;16.05.2016;4.19;711
31;25.08.2016;4.6;711
31;20.10.2016;13.97;711
31;15.03.2017;7.85;711
31;25.05.2017;17.59;711
31;08.08.2017;0.03;711
31;08.11.2017;1;711
31;29.01.2018;15.72;711
31;22.02.2018;15.942;711
31;27.03.2018;1.14;711
31;17.04.2018;5.42;711
31;23.05.2018;21.97;711
31;14.06.2018;13.09;711
31;18.07.2018;27.145;711
31;16.08.2018;18.28;711
31;19.09.2018;18.28;711
31;03.10.2018;19.04;711
31;21.11.2018;27.733;711
31;12.12.2018;27.837;711
32;16.02.1995;;744
32;08.06.1995;0.62;744
32;30.08.1995;3.12;744
32;20.12.1995;0.37;744
32;22.03.1996;1.69;744
32;19.06.1996;2.5;744
32;20.06.1996;2.5;744
32;16.07.1996;2.28;744
32;05.12.1996;0.81;744
32;13.02.1997;1;744
32;19.05.1999;2.5;744
32;25.08.1999;0.78;744
32;18.10.1999;2.65;744
32;27.01.2000;3.75;744
32;23.03.2000;2.06;744
32;27.06.2000;0.33;744
32;16.08.2000;2.34;744
32;27.10.2000;3.75;744
32;14.02.2001;1.3;744
32;21.06.2001;1.05;744
32;28.08.2001;1;744
32;07.11.2001;0.098;744
32;18.03.2002;1.89;744
32;10.04.2002;0.2;744
32;18.09.2002;1.28;744
32;17.10.2002;4.14;744
32;28.02.2003;4.01;744
32;15.05.2003;5.3;744
32;23.09.2003;3.45;744
32;24.11.2003;10.2;744
32;16.02.2004;1.04;744
32;17.05.2004;1.71;744
32;20.09.2004;3.79;744
32;13.10.2004;2.82;744
32;10.03.2005;3.55;744
32;21.06.2005;0.73;744
32;22.09.2005;1.36;744
32;02.11.2005;0.23;744
32;13.02.2006;4.7;744
32;16.05.2006;2.7;744
32;28.08.2006;0.35;744
32;19.10.2006;6.94;744
32;24.01.2007;1.82;744
32;20.06.2007;5.17;744
32;25.09.2007;3.82;744
32;11.12.2007;1.91;744
32;11.02.2008;3.19;744
32;26.05.2008;3.24;744
32;23.09.2008;1.24;744
32;21.11.2008;1.38;744
32;27.08.2009;0.91;744
32;24.12.2009;1.25;744
32;31.03.2010;0.27;744
32;30.06.2010;7.28;744
32;27.09.2010;3.4;744
32;05.11.2010;1.14;744
32;25.01.2011;2.883;744
32;24.05.2011;12.42;744
32;03.08.2011;12.18;744
32;15.11.2011;9.37;744
32;24.02.2012;8.15;744
32;07.05.2012;9.42;744
32;20.08.2012;14.2;744
32;02.11.2012;16.2;744
32;27.03.2013;1.16;744
32;21.05.2013;9.37;744
32;25.07.2013;5.92;744
32;14.11.2013;5.4;744
32;08.02.2014;4.44;744
32;07.05.2014;8.6;744
32;28.08.2014;7.25;744
32;13.11.2014;5.14;744
32;14.02.2015;6.39;744
32;18.06.2015;4.42;744
32;27.08.2015;8.66;744
32;23.10.2015;5.07;744
32;18.02.2016;5.12;744
32;16.05.2016;5.2;744
32;25.08.2016;6.85;744
32;20.10.2016;24.22;744
32;15.03.2017;18.53;744
32;25.05.2017;24.32;744
32;27.07.2017;17.144;744
32;08.08.2017;22.29;744
32;08.11.2017;11;744
32;29.01.2018;35.71;744
32;22.02.2018;29.768;744
32;27.03.2018;17.14;744
32;17.04.2018;12.86;744
32;23.05.2018;30.26;744
32;14.06.2018;11.45;744
32;18.07.2018;12.57;744
32;16.08.2018;24.99;744
32;19.09.2018;19.43;744
32;03.10.2018;11.89;744
32;21.11.2018;39.427;744
32;12.12.2018;25.767;744
33;20.01.1993;1.2;755
33;04.06.1993;1;755
33;30.08.1993;1.2;755
33;14.12.1993;1.2;755
33;23.03.1994;0.09;755
33;12.05.1994;0.5;755
33;21.09.1994;0.15;755
33;16.12.1994;0.18;755
33;16.02.1995;0.19;755
33;24.03.1995;0.28;755
33;07.06.1995;0.46;755
33;30.08.1995;0.56;755
33;20.12.1995;0.59;755
33;22.03.1996;1.94;755
33;19.06.1996;0.52;755
33;16.07.1996;0.45;755
33;05.12.1996;0.53;755
33;12.02.1997;0.81;755
33;24.04.1997;0.3;755
33;16.09.1997;0.3;755
33;10.12.1997;0.23;755
33;13.02.1998;0.15;755
33;19.05.1998;0.288;755
33;14.08.1998;1;755
33;22.10.1998;1.4;755
33;12.03.1999;0.17;755
33;19.05.1999;2.5;755
33;25.08.1999;0.56;755
33;18.10.1999;0.375;755
33;23.03.2000;0.05;755
33;27.06.2000;0.62;755
33;25.09.2000;1.03;755
33;27.10.2000;1.05;755
33;27.11.2000;1.05;755
33;14.02.2001;0.51;755
33;20.04.2001;0.48;755
33;28.08.2001;1.05;755
33;07.11.2001;1.33;755
33;18.03.2002;0.8;755
33;10.04.2002;0.23;755
33;04.07.2002;1.15;755
33;17.10.2002;0.49;755
33;13.03.2003;2.68;755
33;15.05.2003;1.5;755
33;23.09.2003;0.44;755
33;24.11.2003;10.6;755
33;16.02.2004;1.04;755
33;17.05.2004;5;755
33;07.06.2004;1.03;755
33;20.09.2004;1.56;755
33;08.11.2004;0.17;755
33;10.03.2005;0.53;755
33;25.04.2005;0.75;755
33;22.09.2005;0.31;755
33;02.11.2005;0.47;755
33;13.02.2006;2.3;755
33;16.05.2006;0.22;755
33;28.08.2006;0.28;755
33;19.10.2006;0.41;755
33;24.01.2007;0.2;755
33;20.06.2007;0.37;755
33;19.09.2007;0.38;755
33;11.12.2007;0.3;755
33;11.02.2008;0.059;755
33;26.05.2008;0.62;755
33;23.09.2008;0.093;755
33;04.11.2008;0.013;755
33;31.03.2010;0.049;755
33;30.06.2010;0.46;755
33;27.09.2010;0;755
33;14.11.2010;0.04;755
33;25.01.2011;0.541;755
33;24.05.2011;0.21;755
33;03.08.2011;0.28;755
33;15.11.2011;0.99;755
33;24.02.2012;0.31;755
33;27.04.2012;0.54;755
33;20.08.2012;0.54;755
33;14.11.2012;1.06;755
33;27.03.2013;0.55;755
33;21.05.2013;1.45;755
33;20.07.2013;0.33;755
33;12.12.2013;0.79;755
33;08.02.2014;0.27;755
33;07.05.2014;0.31;755
33;28.08.2014;0.29;755
33;13.11.2014;0.63;755
33;14.02.2015;1.25;755
33;18.06.2015;0.22;755
33;27.08.2015;0.53;755
33;01.12.2015;1.15;755
33;16.02.2016;0.285;755
33;16.05.2016;0.36;755
33;25.08.2016;0.87;755
33;20.10.2016;0.37;755
33;15.03.2017;0.719;755
33;25.05.2017;0.35;755
33;08.08.2017;2;755
33;08.11.2017;0.57;755
33;30.01.2018;3;755
33;22.02.2018;0.022;755
33;27.03.2018;0.286;755
33;17.04.2018;0.5;755
33;23.05.2018;0.567;755
33;14.06.2018;0.545;755
33;18.07.2018;1.14;755
33;16.08.2018;0.571;755
33;19.09.2018;0.286;755
33;03.10.2018;0.475;755
33;21.11.2018;0.055;755
33;12.12.2018;0.371;755
34;23.03.1993;1.4;773
34;14.05.1993;1.2;773
34;28.09.1993;1;773
34;14.12.1993;0.5;773
34;23.03.1994;0.06;773
34;12.05.1994;0.45;773
34;09.09.1994;0.5;773
34;16.12.1994;0.26;773
34;16.02.1995;0.19;773
34;07.06.1995;0.46;773
34;30.08.1995;0.56;773
34;20.12.1995;0.59;773
34;22.03.1996;1.56;773
34;19.06.1996;0.4;773
34;16.07.1996;0.29;773
34;05.12.1996;0.43;773
34;12.02.1997;0.75;773
34;24.04.1997;0.75;773
34;18.07.1997;0.4;773
34;10.12.1997;0.25;773
34;13.02.1998;0.15;773
34;19.05.1998;0.048;773
34;14.08.1998;13.8;773
34;22.10.1998;1.4;773
34;12.03.1999;0.17;773
34;18.05.1999;0.31;773
34;25.08.1999;0.81;773
34;18.10.1999;0.156;773
34;23.03.2000;0.17;773
34;27.06.2000;0.5;773
34;25.09.2000;0.34;773
34;27.10.2000;1.03;773
34;27.11.2000;1.03;773
34;14.02.2001;0.5;773
34;20.04.2001;0.23;773
34;28.08.2001;1.06;773
34;07.11.2001;0.99;773
34;18.03.2002;0.4;773
34;10.04.2002;0.028;773
34;04.07.2002;0.35;773
34;13.03.2003;3.23;773
34;14.05.2003;1.3;773
34;23.09.2003;0.57;773
34;24.11.2003;10;773
34;16.02.2004;0.76;773
34;17.05.2004;1.21;773
34;20.09.2004;1.34;773
34;08.11.2004;0.1;773
34;25.04.2005;0.74;773
34;22.09.2005;0.26;773
34;02.11.2005;0.22;773
34;13.02.2006;2.2;773
34;16.05.2006;0.38;773
34;28.08.2006;5.64;773
34;19.10.2006;0.43;773
34;23.01.2007;0.23;773
34;20.06.2007;0.38;773
34;19.09.2007;1.05;773
34;11.12.2007;0.26;773
34;11.02.2008;0.024;773
34;26.05.2008;0.77;773
34;11.09.2008;0.099;773
34;04.11.2008;0.052;773
34;31.03.2010;0.027;773
34;25.06.2010;0.69;773
34;27.09.2010;0.17;773
34;14.11.2010;0.089;773
34;02.03.2011;0.81;773
34;26.05.2011;0.51;773
34;03.08.2011;0.436;773
34;15.11.2011;0.95;773
34;24.02.2012;1.57;773
34;27.04.2012;0.97;773
34;20.08.2012;0.8;773
34;14.11.2012;1.86;773
34;29.03.2013;0.89;773
34;21.05.2013;1.27;773
34;30.07.2013;0.82;773
34;12.12.2013;1.09;773
34;08.02.2014;0.72;773
34;07.05.2014;0.91;773
34;27.08.2014;0.16;773
34;13.11.2014;0.62;773
34;23.01.2015;0.22;773
34;14.02.2015;0.85;773
34;18.06.2015;0.4;773
34;27.08.2015;0.34;773
34;01.12.2015;1.16;773
34;16.02.2016;0.34;773
34;16.05.2016;0.53;773
34;31.08.2016;2.46;773
34;25.10.2016;0.294;773
34;21.03.2017;0.327;773
34;31.05.2017;0.98;773
34;08.08.2017;0.429;773
34;16.11.2017;0.57;773
34;30.01.2018;1.54;773
34;22.02.2018;0.196;773
34;29.03.2018;1.143;773
34;17.04.2018;0.643;773
34;23.05.2018;1.047;773
34;14.06.2018;0.916;773
34;18.07.2018;0.71;773
34;16.08.2018;1.57;773
34;19.09.2018;0.714;773
34;03.10.2018;0.545;773
34;21.11.2018;0.044;773
34;12.12.2018;1.483;773
35;23.01.1996;0.295;797
35;06.02.1996;0.3;797
35;21.03.1996;0.445;797
35;03.04.1996;0.74;797
35;05.05.1996;0.235;797
35;05.06.1996;0.26;797
35;04.07.1996;0.16;797
35;05.08.1996;0.12;797
35;02.09.1996;0.03;797
35;07.10.1996;0.04;797
35;11.11.1996;0;797
35;14.12.1996;0.155;797
35;09.01.1997;0.32;797
35;13.02.1997;0.55;797
35;12.03.1997;0.32;797
35;08.04.1997;0;797
35;12.05.1997;0.09;797
35;03.06.1997;0.16;797
35;01.07.1997;0.1;797
35;04.08.1997;0.18;797
35;01.09.1997;0.24;797
35;06.10.1997;0.18;797
35;03.11.1997;0.47;797
35;02.12.1997;0.25;797
35;12.01.1998;0.07;797
35;02.02.1998;0.58;797
35;03.03.1998;0.08;797
35;01.04.1998;0;797
35;05.05.1998;0.118;797
35;01.06.1998;0.01;797
35;01.07.1998;0.016;797
35;04.08.1998;0;797
35;11.09.1998;0.085;797
35;07.10.1998;0;797
35;03.11.1998;0.069;797
35;01.12.1998;0.052;797
35;04.01.1999;0.02;797
35;03.02.1999;0.023;797
35;02.03.1999;0.017;797
35;05.04.1999;0.029;797
35;11.05.1999;0.072;797
35;03.06.1999;0.215;797
35;01.07.1999;0.038;797
35;02.08.1999;0.001;797
35;01.09.1999;0;797
35;05.10.1999;0;797
35;10.11.1999;0.01;797
35;07.12.1999;0.05;797
35;12.01.2000;0.07;797
35;15.02.2000;0.11;797
35;13.03.2000;0.1;797
35;17.04.2000;0;797
35;10.05.2000;0.004;797
35;07.06.2000;0.13;797
35;04.07.2000;0;797
35;08.08.2000;0.004;797
35;04.09.2000;0;797
35;09.10.2000;0.082;797
35;01.11.2000;0.116;797
35;05.12.2000;0.427;797
35;10.01.2001;0.099;797
35;06.02.2001;0.377;797
35;11.03.2001;0;797
35;03.04.2001;0.211;797
35;03.05.2001;0.013;797
35;11.06.2001;0.212;797
35;09.07.2001;0;797
35;06.08.2001;0.068;797
35;03.09.2001;0.025;797
35;08.10.2001;0.035;797
35;05.11.2001;0.05;797
35;03.12.2001;0.083;797
35;09.01.2002;0.128;797
35;05.02.2002;0.078;797
35;13.03.2002;0.034;797
35;19.04.2002;0.043;797
35;14.05.2002;0.04;797
35;04.06.2002;0.011;797
35;10.07.2002;0.007;797
35;01.08.2002;0.403;797
35;02.09.2002;0.01;797
35;01.10.2002;0.28;797
35;04.11.2002;0.051;797
35;02.12.2002;0.014;797
35;13.01.2003;0.17;797
35;19.02.2003;0.42;797
35;12.03.2003;0.38;797
35;14.04.2003;0.17;797
35;12.05.2003;0.15;797
35;10.06.2003;0.043;797
35;02.07.2003;0.008;797
35;12.08.2003;0.056;797
35;12.09.2003;0.063;797
35;10.10.2003;0.011;797
35;13.11.2003;0.02;797
35;10.12.2003;0.028;797
35;13.01.2004;0.036;797
35;12.02.2004;0;797
35;11.03.2004;0;797
35;06.04.2004;0.033;797
35;06.05.2004;0.048;797
35;09.06.2004;0;797
35;07.07.2004;0;797
35;10.08.2004;0.034;797
35;27.09.2004;0.024;797
35;19.10.2004;0.033;797
35;02.11.2004;0.13;797
35;16.12.2004;0.024;797
35;13.01.2005;0;797
35;07.02.2005;0;797
35;10.03.2005;0.01;797
35;07.04.2005;0.047;797
35;12.05.2005;0.033;797
35;08.06.2005;0.072;797
35;20.07.2005;0.001;797
35;10.08.2005;0;797
35;19.09.2005;0.057;797
35;25.10.2005;0.045;797
35;15.11.2005;0.028;797
35;12.12.2005;0.021;797
35;16.01.2006;0;797
35;09.02.2006;0.054;797
35;15.03.2006;0;797
35;05.04.2006;0.045;797
35;12.05.2006;0.003;797
35;07.06.2006;0.015;797
35;13.07.2006;0.018;797
35;28.08.2006;0.037;797
35;28.09.2006;0.061;797
35;12.10.2006;0.13;797
35;21.11.2006;0.006;797
35;06.12.2006;0;797
35;16.01.2007;0;797
35;22.02.2007;0.06;797
35;14.03.2007;0.04;797
35;12.04.2007;0.1;797
35;10.05.2007;0;797
35;15.06.2007;0;797
35;23.07.2007;0.26;797
35;21.08.2007;0;797
35;10.09.2007;0;797
35;04.10.2007;0.033;797
35;13.11.2007;0.078;797
35;03.12.2007;0.07;797
35;14.01.2008;0;797
35;01.02.2008;0;797
35;13.03.2008;0;797
35;10.04.2008;0.11;797
35;13.05.2008;0.016;797
35;04.06.2008;0.018;797
35;16.07.2008;0;797
35;13.08.2008;0;797
35;02.09.2008;0.23;797
35;02.10.2008;0.065;797
35;12.11.2008;0.102;797
35;10.12.2008;0.024;797
35;09.01.2009;0.1;797
35;03.02.2009;0.028;797
35;04.03.2009;0;797
35;06.04.2009;0;797
35;19.05.2009;0.1;797
35;04.06.2009;0;797
35;07.07.2009;0.114;797
35;10.08.2009;0.02;797
35;01.09.2009;0;797
35;01.10.2009;0;797
35;03.11.2009;0;797
35;02.12.2009;0.093;797
35;12.01.2010;0;797
35;10.02.2010;0.045;797
35;10.03.2010;0.151;797
35;07.04.2010;0.14;797
35;12.05.2010;0.23;797
35;02.06.2010;0.23;797
35;07.07.2010;0.026;797
35;09.08.2010;0.005;797
35;06.09.2010;0.016;797
35;05.10.2010;0;797
35;18.11.2010;0.029;797
35;07.12.2010;0;797
35;11.01.2011;0.1;797
35;08.02.2011;0.085;797
35;22.03.2011;0.14;797
35;07.04.2011;0.108;797
35;12.05.2011;0;797
35;08.06.2011;0.048;797
35;07.07.2011;0.06;797
35;05.08.2011;0.054;797
35;08.09.2011;0.015;797
35;10.10.2011;0.04;797
35;09.11.2011;0.062;797
35;08.12.2011;0.109;797
35;10.01.2012;0;797
35;07.02.2012;0.034;797
35;12.03.2012;0.043;797
35;11.04.2012;0.01;797
35;18.05.2012;0.032;797
35;08.06.2012;0.051;797
35;18.07.2012;0.045;797
35;08.08.2012;0.24;797
35;04.09.2012;0.039;797
35;02.10.2012;0.023;797
35;06.11.2012;0.068;797
35;04.12.2012;0;797
35;08.01.2013;0.093;797
35;12.02.2013;0.089;797
35;06.03.2013;0.052;797
35;02.04.2013;0.077;797
35;13.05.2013;0.02;797
35;12.06.2013;0.073;797
35;01.07.2013;0;797
35;12.08.2013;0;797
35;05.09.2013;0.085;797
35;04.10.2013;0.1;797
35;04.11.2013;0.037;797
35;10.12.2013;0.086;797
35;14.01.2014;0;797
35;11.02.2014;0.013;797
35;24.03.2014;0.043;797
35;08.04.2014;0.078;797
35;13.05.2014;0.089;797
35;01.06.2014;0.012;797
35;04.07.2014;0.061;797
35;01.08.2014;0;797
35;03.09.2014;0.04;797
35;02.10.2014;0.1;797
35;04.11.2014;0.08;797
35;03.12.2014;0;797
35;20.01.2015;0.12;797
35;03.02.2015;0.074;797
35;06.03.2015;0;797
35;15.04.2015;0;797
35;20.05.2015;0.079;797
35;03.06.2015;0.023;797
35;15.07.2015;0.2;797
35;14.08.2015;0.045;797
35;01.09.2015;0;797
35;08.10.2015;0.093;797
35;04.11.2015;0;797
35;09.12.2015;0;797
35;14.01.2016;0;797
35;11.02.2016;0;797
35;14.03.2016;0;797
35;20.04.2016;0.124;797
35;11.05.2016;0.076;797
35;06.06.2016;0.058;797
35;13.07.2016;0;797
35;11.08.2016;0.119;797
35;05.09.2016;0;797
35;13.10.2016;0.16;797
35;01.11.2016;0.11;797
35;13.12.2016;0.34;797
35;23.01.2017;0;797
35;02.02.2017;0;797
35;15.03.2017;0;797
35;05.04.2017;0;797
35;15.05.2017;0;797
35;07.06.2017;0.069;797
35;04.07.2017;0.064;797
35;25.07.2017;0;797
35;08.08.2017;0.041;797
35;29.08.2017;0;797
35;05.09.2017;0;797
35;18.10.2017;0;797
35;14.11.2017;0;797
35;06.12.2017;0.096;797
35;10.01.2018;0;797
35;12.02.2018;0.04;797
35;14.03.2018;0.035;797
35;10.04.2018;0.059;797
35;22.05.2018;0.29;797
35;07.06.2018;0.079;797
35;17.07.2018;0;797
35;14.08.2018;0.102;797
35;24.09.2018;0.149;797
35;08.10.2018;0.327;797
35;06.11.2018;0.18;797
35;12.12.2018;0.229;797
35;28.01.2019;0.044;797
35;12.02.2019;0.134;797
35;12.03.2019;0;797
35;02.04.2019;0.201;797
35;23.05.2019;0.126;797
35;10.06.2019;0.101;797
35;04.07.2019;0;797
35;06.08.2019;0.022;797
35;04.09.2019;0.159;797